unix_time,volts,amps,watts
1790343489.390,5.0844,0.1661,0.8445
1790343489.660,5.0834,0.1628,0.8276
1790343489.888,5.0833,0.1514,0.7699
1790343490.155,5.0835,0.1961,0.9971
1790343490.381,5.0830,0.1695,0.8617
1790343490.651,5.0831,0.1517,0.7711
1790343490.875,5.0833,0.1507,0.7661
1790343491.190,5.0840,0.1224,0.6223
1790343491.370,5.0851,0.1221,0.6211
1790343491.687,5.0858,0.1214,0.6175
1790343491.865,5.0859,0.1323,0.6732
1790343492.182,5.0855,0.1211,0.6162
1790343492.360,5.0856,0.1487,0.7563
1790343492.675,5.0854,0.1321,0.6718
1790343492.858,5.0855,0.1321,0.6721
1790343493.170,5.0851,0.1832,0.9317
1790343493.350,5.0841,0.1820,0.9253
1790343493.668,5.0829,0.1849,0.9402
1790343493.892,5.0938,0.1224,0.6235
1790343494.160,5.0827,0.1325,0.6739
1790343494.387,5.0938,0.1263,0.6437
1790343494.655,5.0850,0.1431,0.7277
1790343494.882,5.0854,0.1529,0.7778
1790343495.150,5.0848,0.1438,0.7315
1790343495.375,5.0844,0.1494,0.7600
1790343495.691,5.0839,0.1577,0.8017
1790343495.872,5.0840,0.1790,0.9101
1790343496.230,5.0841,0.1578,0.8024
1790343496.365,5.0841,0.1585,0.8062
1790343496.680,5.0838,0.1767,0.8987
1790343496.861,5.0834,0.1467,0.7459
1790343497.175,5.0838,0.1690,0.8596
1790343497.355,5.0841,0.1484,0.7549
1790343497.672,5.0847,0.1231,0.6261
1790343497.851,5.0856,0.1327,0.6750
1790343498.165,5.0858,0.1549,0.7879
1790343498.391,5.0860,0.1467,0.7463
1790343498.660,5.0863,0.1313,0.6678
1790343498.887,5.0864,0.1313,0.6682
1790343499.155,5.0864,0.1313,0.6680
1790343499.381,5.0864,0.1303,0.6628
1790343499.651,5.0863,0.1512,0.7691
1790343499.876,5.0856,0.2165,1.1011
1790343500.191,5.0844,0.1524,0.7751
1790343500.370,5.0839,0.1710,0.8697
1790343500.685,5.0833,0.1643,0.8351
1790343500.865,5.0832,0.1489,0.7572
1790343501.181,5.0834,0.1585,0.8057
1790343501.360,5.0835,0.1585,0.8058
1790343501.676,5.0835,0.1582,0.8044
1790343501.855,5.0840,0.1216,0.6185
1790343502.170,5.0846,0.1209,0.6148
1790343502.351,5.0851,0.1229,0.6250
1790343502.665,5.0856,0.1316,0.6695
1790343502.890,5.0856,0.1305,0.6641
1790343503.160,5.0852,0.1370,0.6969
1790343503.385,5.0851,0.1226,0.6237
1790343503.655,5.0851,0.1377,0.7003
1790343503.880,5.0851,0.1489,0.7575
1790343504.152,5.0857,0.1314,0.6684
1790343504.375,5.0858,0.1302,0.6622
1790343504.690,5.0861,0.1311,0.6670
1790343504.870,5.0861,0.1312,0.6674
1790343505.185,5.0860,0.1430,0.7274
1790343505.365,5.0859,0.1224,0.6225
1790343505.681,5.0858,0.1224,0.6225
1790343505.861,5.0860,0.1320,0.6715
1790343506.175,5.0856,0.1365,0.6942
1790343506.355,5.0853,0.1216,0.6186
1790343506.671,5.0853,0.1229,0.6250
1790343506.851,5.0851,0.1532,0.7790
1790343507.166,5.0854,0.1226,0.6237
1790343507.391,5.0858,0.1307,0.6650
1790343507.660,5.0857,0.1326,0.6744
1790343507.885,5.0860,0.1214,0.6175
1790343508.156,5.0861,0.1337,0.6803
1790343508.381,5.0860,0.1574,0.8006
1790343508.651,5.0862,0.1658,0.8436
1790343508.876,5.0857,0.2142,1.0897
1790343509.192,5.0836,0.2125,1.0804
1790343509.370,5.0824,0.2155,1.0953
1790343509.685,5.0804,0.2013,1.0229
1790343509.865,5.0795,0.2232,1.1338
1790343510.182,5.0793,0.2162,1.0983
1790343510.361,5.0791,0.2178,1.1063
1790343510.675,5.0790,0.2197,1.1162
1790343510.855,5.0789,0.2207,1.1211
1790343511.170,5.0790,0.1733,0.8802
1790343511.351,5.0795,0.2304,1.1704
1790343511.667,5.0791,0.2311,1.1741
1790343511.891,5.0795,0.1805,0.9169
1790343512.160,5.0807,0.2147,1.0912
1790343512.385,5.0803,0.2018,1.0254
1790343512.655,5.0806,0.2162,1.0987
1790343512.881,5.0801,0.2137,1.0860
1790343513.150,5.0789,0.2141,1.0875
1790343513.376,5.0788,0.2141,1.0874
1790343513.691,5.0787,0.2149,1.0915
1790343513.871,5.0789,0.2157,1.0956
1790343514.185,5.0787,0.1877,0.9533
1790343514.366,5.0791,0.1909,0.9698
1790343514.680,5.0799,0.1914,0.9725
1790343514.861,5.0803,0.1864,0.9473
1790343515.176,5.0811,0.2197,1.1165
1790343515.356,5.0807,0.2185,1.1101
1790343515.671,5.0800,0.2137,1.0860
1790343515.851,5.0798,0.2069,1.0511
1790343516.167,5.0791,0.2164,1.0992
1790343516.390,5.0791,0.2161,1.0978
1790343516.662,5.0789,0.2168,1.1013
1790343516.886,5.0786,0.2169,1.1018
1790343517.157,5.0786,0.2299,1.1676
1790343517.381,5.0786,0.2182,1.1084
1790343517.651,5.0787,0.2174,1.1042
1790343517.877,5.0790,0.2176,1.1052
1790343518.191,5.0792,0.2164,1.0994
1790343518.371,5.0793,0.2162,1.0985
1790343518.686,5.0795,0.2155,1.0950
1790343518.867,5.0794,0.2156,1.0952
1790343519.181,5.0793,0.2158,1.0965
1790343519.361,5.0794,0.2321,1.1792
1790343519.676,5.0794,0.2165,1.0999
1790343519.857,5.0798,0.1489,0.7567
1790343520.171,5.0813,0.1489,0.7570
1790343520.352,5.0820,0.2070,1.0523
1790343520.666,5.0825,0.1775,0.9025
1790343520.891,5.0833,0.1204,0.6121
1790343521.161,5.0835,0.1934,0.9832
1790343521.386,5.0830,0.1892,0.9617
1790343521.656,5.0833,0.1884,0.9580
1790343521.881,5.0829,0.1715,0.8719
1790343522.151,5.0817,0.1748,0.8882
1790343522.376,5.0817,0.1865,0.9480
1790343522.691,5.0938,0.0474,0.2415
1790343522.871,5.0963,0.0501,0.2555
1790343523.186,5.0894,0.0459,0.2337
1790343523.366,5.0917,0.0496,0.2528
1790343523.681,5.0937,0.0478,0.2436
1790343523.861,5.0938,0.0480,0.2447
1790343524.176,5.0939,0.0476,0.2427
1790343524.356,5.0938,0.0480,0.2449
1790343524.672,5.0940,0.0479,0.2443
1790343524.851,5.0941,0.0476,0.2428
1790343525.166,5.0937,0.0480,0.2445
1790343525.391,5.0939,0.0475,0.2423
1790343525.661,5.0939,0.0476,0.2427
1790343525.887,5.0939,0.0479,0.2441
1790343526.156,5.0942,0.0475,0.2423
1790343526.381,5.0941,0.0480,0.2445
1790343526.651,5.0940,0.0479,0.2441
1790343526.877,5.0937,0.0481,0.2454
1790343527.191,5.0935,0.0489,0.2491
1790343527.371,5.0936,0.0490,0.2495
1790343527.687,5.0935,0.0496,0.2527
1790343527.867,5.0937,0.0496,0.2527
1790343528.181,5.0938,0.0496,0.2528
1790343528.361,5.0938,0.0496,0.2528
1790343528.676,5.0937,0.0496,0.2528
1790343528.856,5.0939,0.0488,0.2488
1790343529.171,5.0941,0.0472,0.2408
1790343529.351,5.0944,0.0462,0.2353
1790343529.666,5.0948,0.0446,0.2273
1790343529.891,5.0948,0.0442,0.2253
1790343530.161,5.0947,0.0442,0.2253
1790343530.386,5.0946,0.0442,0.2254
1790343530.656,5.0946,0.0442,0.2253
1790343530.881,5.0946,0.0442,0.2254
1790343531.151,5.0946,0.0442,0.2253
1790343531.376,5.0946,0.0442,0.2254
1790343531.691,5.0946,0.0442,0.2255
1790343531.871,5.0947,0.0442,0.2254
1790343532.186,5.0946,0.0442,0.2253
1790343532.366,5.0946,0.0442,0.2252
1790343532.682,5.0944,0.0442,0.2252
1790343532.862,5.0941,0.0442,0.2252
1790343533.176,5.0942,0.0442,0.2252
1790343533.356,5.0941,0.0442,0.2252
1790343533.671,5.0939,0.0441,0.2250
1790343533.851,5.0940,0.0442,0.2251
1790343534.166,5.0941,0.0441,0.2250
1790343534.391,5.0942,0.0441,0.2250
1790343534.661,5.0945,0.0441,0.2250
1790343534.886,5.0946,0.0441,0.2251
1790343535.156,5.0943,0.0442,0.2253
1790343535.381,5.0942,0.0442,0.2254
1790343535.651,5.0942,0.0442,0.2254
1790343535.876,5.0944,0.0442,0.2254
1790343536.192,5.0946,0.0442,0.2253
1790343536.371,5.0946,0.0442,0.2252
1790343536.686,5.0943,0.0441,0.2251
1790343536.867,5.0941,0.0441,0.2250
1790343537.181,5.0941,0.0441,0.2250
1790343537.361,5.0941,0.0441,0.2250
1790343537.676,5.0942,0.0442,0.2252
1790343537.857,5.0944,0.0442,0.2252
1790343538.172,5.0945,0.0442,0.2252
1790343538.351,5.0945,0.0442,0.2252
1790343538.666,5.0945,0.0442,0.2252
1790343538.891,5.0945,0.0442,0.2252
1790343539.161,5.0946,0.0442,0.2252
1790343539.386,5.0946,0.0442,0.2252
1790343539.656,5.0945,0.0442,0.2252
1790343539.881,5.0946,0.0442,0.2251
1790343540.151,5.0946,0.0442,0.2251
1790343540.376,5.0946,0.0442,0.2252
1790343540.691,5.0947,0.0442,0.2252
1790343540.871,5.0947,0.0442,0.2252
1790343541.186,5.0947,0.0442,0.2251
1790343541.366,5.0946,0.0441,0.2250
1790343541.682,5.0945,0.0441,0.2249
1790343541.861,5.0946,0.0441,0.2248
1790343542.177,5.0945,0.0441,0.2250
1790343542.356,5.0945,0.0441,0.2250
1790343542.671,5.0944,0.0441,0.2251
1790343542.851,5.0943,0.0441,0.2250
1790343543.166,5.0943,0.0441,0.2250
1790343543.391,5.0941,0.0441,0.2250
1790343543.661,5.0940,0.0441,0.2250
1790343543.886,5.0941,0.0441,0.2250
1790343544.156,5.0941,0.0441,0.2251
1790343544.381,5.0942,0.0441,0.2251
1790343544.651,5.0945,0.0442,0.2252
1790343544.876,5.0945,0.0442,0.2252
1790343545.192,5.0944,0.0442,0.2251
1790343545.372,5.0943,0.0441,0.2251
1790343545.687,5.0943,0.0441,0.2251
1790343545.866,5.0945,0.0441,0.2251
1790343546.182,5.0948,0.0441,0.2251
1790343546.361,5.0950,0.0441,0.2251
1790343546.676,5.0949,0.0441,0.2250
1790343546.857,5.0946,0.0441,0.2250
1790343547.171,5.0941,0.0442,0.2251
1790343547.352,5.0940,0.0442,0.2252
1790343547.666,5.0941,0.0441,0.2250
1790343547.891,5.0944,0.0441,0.2250
1790343548.161,5.0946,0.0442,0.2252
1790343548.386,5.0947,0.0442,0.2251
1790343548.656,5.0949,0.0442,0.2252
1790343548.882,5.0948,0.0442,0.2252
1790343549.152,5.0948,0.0441,0.2251
1790343549.377,5.0948,0.0442,0.2251
1790343549.691,5.0946,0.0441,0.2250
1790343549.871,5.0946,0.0441,0.2249
1790343550.186,5.0945,0.0441,0.2249
1790343550.367,5.0943,0.0441,0.2249
1790343550.681,5.0941,0.0441,0.2250
1790343550.861,5.0939,0.0441,0.2249
1790343551.176,5.0937,0.0442,0.2251
1790343551.356,5.0938,0.0442,0.2251
1790343551.671,5.0941,0.0442,0.2251
1790343551.851,5.0943,0.0441,0.2251
1790343552.166,5.0945,0.0441,0.2251
1790343552.392,5.0946,0.0441,0.2250
1790343552.661,5.0945,0.0441,0.2250
1790343552.888,5.0943,0.0441,0.2250
1790343553.201,5.0945,0.0441,0.2249
1790343553.381,5.0945,0.0441,0.2249
1790343553.652,5.0942,0.0441,0.2249
1790343553.876,5.0944,0.0441,0.2249
1790343554.192,5.0944,0.0441,0.2249
1790343554.371,5.0945,0.0441,0.2248
1790343554.686,5.0947,0.0441,0.2249
1790343554.866,5.0946,0.0441,0.2248
1790343555.181,5.0943,0.0441,0.2249
1790343555.361,5.0943,0.0441,0.2250
1790343555.676,5.0943,0.0441,0.2250
1790343555.857,5.0944,0.0441,0.2250
1790343556.171,5.0946,0.0441,0.2249
1790343556.351,5.0946,0.0441,0.2251
1790343556.666,5.0945,0.0441,0.2250
1790343556.891,5.0943,0.0441,0.2251
1790343557.161,5.0943,0.0442,0.2251
1790343557.386,5.0944,0.0441,0.2250
1790343557.656,5.0945,0.0441,0.2251
1790343557.881,5.0947,0.0441,0.2250
1790343558.151,5.0949,0.0441,0.2250
1790343558.376,5.0948,0.0441,0.2250
1790343558.691,5.0948,0.0441,0.2249
1790343558.871,5.0948,0.0441,0.2249
1790343559.187,5.0948,0.0441,0.2249
1790343559.366,5.0947,0.0441,0.2249
1790343559.728,5.0947,0.0441,0.2249
1790343559.861,5.0947,0.0441,0.2250
1790343560.177,5.0948,0.0441,0.2250
1790343560.356,5.0948,0.0441,0.2250
1790343560.672,5.0947,0.0441,0.2250
1790343560.852,5.0946,0.0441,0.2250
1790343561.167,5.0946,0.0441,0.2250
1790343561.391,5.0947,0.0441,0.2250
1790343561.661,5.0947,0.0441,0.2250
1790343561.886,5.0948,0.0441,0.2248
1790343562.156,5.0946,0.0441,0.2247
1790343562.381,5.0946,0.0441,0.2247
1790343562.651,5.0943,0.0441,0.2248
1790343562.876,5.0942,0.0441,0.2249
1790343563.191,5.0944,0.0441,0.2248
1790343563.371,5.0942,0.0441,0.2248
1790343563.686,5.0941,0.0441,0.2247
1790343563.866,5.0942,0.0441,0.2248
1790343564.182,5.0944,0.0441,0.2249
1790343564.361,5.0945,0.0441,0.2249
1790343564.678,5.0946,0.0441,0.2250
1790343564.857,5.0944,0.0441,0.2249
1790343565.171,5.0942,0.0441,0.2248
1790343565.351,5.0941,0.0441,0.2248
1790343565.666,5.0942,0.0441,0.2248
1790343565.892,5.0941,0.0441,0.2248
1790343566.161,5.0939,0.0441,0.2249
1790343566.386,5.0941,0.0441,0.2250
1790343566.656,5.0940,0.0441,0.2250
1790343566.881,5.0941,0.0441,0.2250
1790343567.151,5.0944,0.0441,0.2250
1790343567.376,5.0942,0.0441,0.2249
1790343567.691,5.0943,0.0441,0.2249
1790343567.871,5.0945,0.0441,0.2249
1790343568.186,5.0947,0.0441,0.2250
1790343568.367,5.0948,0.0441,0.2250
1790343568.682,5.0948,0.0441,0.2249
1790343568.861,5.0948,0.0441,0.2249
1790343569.176,5.0947,0.0441,0.2249
1790343569.356,5.0947,0.0441,0.2249
1790343569.671,5.0948,0.0441,0.2250
1790343569.851,5.0948,0.0441,0.2250
1790343570.166,5.0948,0.0441,0.2248
1790343570.391,5.0949,0.0441,0.2247
1790343570.661,5.0948,0.0441,0.2246
1790343570.886,5.0946,0.0441,0.2247
1790343571.156,5.0942,0.0441,0.2250
1790343571.381,5.0940,0.0441,0.2249
1790343571.652,5.0938,0.0441,0.2249
1790343571.877,5.0940,0.0441,0.2249
1790343572.191,5.0943,0.0441,0.2248
1790343572.371,5.0945,0.0441,0.2247
1790343572.686,5.0945,0.0441,0.2249
1790343572.866,5.0942,0.0441,0.2248
1790343573.181,5.0942,0.0441,0.2249
1790343573.361,5.0941,0.0441,0.2249
1790343573.677,5.0941,0.0441,0.2249
1790343573.857,5.0944,0.0441,0.2250
1790343574.171,5.0943,0.0441,0.2249
1790343574.354,5.0944,0.0441,0.2248
1790343574.666,5.0948,0.0441,0.2248
1790343574.846,5.0948,0.0441,0.2247
1790343575.161,5.0945,0.0441,0.2247
1790343575.342,5.0946,0.0441,0.2247
1790343575.657,5.0942,0.0441,0.2248
1790343575.882,5.0942,0.0441,0.2247
1790343576.151,5.0946,0.0441,0.2248
1790343576.376,5.0945,0.0441,0.2248
1790343576.646,5.0945,0.0441,0.2248
1790343576.872,5.0943,0.0441,0.2248
1790343577.141,5.0940,0.0441,0.2247
1790343577.367,5.0941,0.0441,0.2248
1790343577.686,5.0943,0.0441,0.2247
1790343577.861,5.0946,0.0441,0.2248
1790343578.177,5.0947,0.0441,0.2250
1790343578.356,5.0947,0.0441,0.2250
1790343578.672,5.0945,0.0441,0.2250
1790343578.852,5.0945,0.0441,0.2250
1790343579.166,5.0945,0.0441,0.2247
1790343579.346,5.0945,0.0441,0.2248
1790343579.663,5.0946,0.0441,0.2247
1790343579.842,5.0948,0.0441,0.2247
1790343580.156,5.0948,0.0441,0.2248
1790343580.384,5.0948,0.0441,0.2248
1790343580.651,5.0948,0.0441,0.2247
1790343580.877,5.0948,0.0441,0.2246
1790343581.147,5.0948,0.0441,0.2246
1790343581.371,5.0948,0.0441,0.2246
1790343581.643,5.0949,0.0441,0.2247
1790343581.868,5.0948,0.0441,0.2248
1790343582.182,5.0948,0.0441,0.2248
1790343582.361,5.0948,0.0441,0.2248
1790343582.676,5.0944,0.0441,0.2247
1790343582.857,5.0941,0.0441,0.2246
1790343583.171,5.0942,0.0441,0.2246
1790343583.351,5.0941,0.0440,0.2245
1790343583.666,5.0939,0.0441,0.2247
1790343583.847,5.0943,0.0441,0.2248
1790343584.161,5.0943,0.0441,0.2246
1790343584.342,5.0944,0.0441,0.2246
1790343584.656,5.0948,0.0440,0.2246
1790343584.882,5.0946,0.0441,0.2246
1790343585.151,5.0944,0.0440,0.2246
1790343585.376,5.0944,0.0441,0.2246
1790343585.646,5.0944,0.0441,0.2247
1790343585.871,5.0946,0.0441,0.2246
1790343586.141,5.0948,0.0441,0.2247
1790343586.366,5.0948,0.0441,0.2247
1790343586.681,5.0945,0.0441,0.2248
1790343586.861,5.0943,0.0441,0.2248
1790343587.176,5.0944,0.0441,0.2246
1790343587.356,5.0943,0.0441,0.2247
1790343587.671,5.0944,0.0441,0.2248
1790343587.854,5.0945,0.0441,0.2248
1790343588.166,5.0945,0.0441,0.2248
1790343588.392,5.0945,0.0441,0.2247
1790343588.661,5.0946,0.0441,0.2246
1790343588.843,5.0948,0.0440,0.2246
1790343589.156,5.0947,0.0441,0.2246
1790343589.381,5.0948,0.0441,0.2247
1790343589.651,5.0948,0.0441,0.2248
1790343589.876,5.0947,0.0440,0.2246
1790343590.146,5.0950,0.0441,0.2246
1790343590.372,5.0949,0.0441,0.2246
1790343590.642,5.0948,0.0440,0.2245
1790343590.866,5.0949,0.0441,0.2247
1790343591.183,5.0948,0.0441,0.2248
1790343591.361,5.0948,0.0441,0.2247
1790343591.677,5.0950,0.0440,0.2246
1790343591.856,5.0950,0.0440,0.2245
1790343592.171,5.0949,0.0440,0.2245
1790343592.351,5.0949,0.0440,0.2244
1790343592.666,5.0945,0.0440,0.2245
1790343592.846,5.0943,0.0440,0.2244
1790343593.161,5.0944,0.0440,0.2244
1790343593.341,5.0941,0.0441,0.2246
1790343593.656,5.0941,0.0441,0.2246
1790343593.881,5.0942,0.0441,0.2247
1790343594.151,5.0943,0.0441,0.2246
1790343594.378,5.0945,0.0440,0.2246
1790343594.646,5.0947,0.0440,0.2245
1790343594.871,5.0946,0.0440,0.2245
1790343595.141,5.0943,0.0441,0.2246
1790343595.366,5.0943,0.0441,0.2246
1790343595.683,5.0944,0.0440,0.2245
1790343595.861,5.0945,0.0440,0.2246
1790343596.176,5.0950,0.0440,0.2245
1790343596.356,5.0950,0.0440,0.2246
1790343596.671,5.0947,0.0440,0.2245
1790343596.851,5.0944,0.0440,0.2245
1790343597.166,5.0942,0.0440,0.2245
1790343597.347,5.0942,0.0440,0.2243
1790343597.661,5.0944,0.0440,0.2245
1790343597.841,5.0947,0.0440,0.2244
1790343598.156,5.0948,0.0440,0.2245
1790343598.382,5.0948,0.0440,0.2245
1790343598.651,5.0948,0.0441,0.2246
1790343598.877,5.0948,0.0441,0.2247
1790343599.147,5.0948,0.0441,0.2247
1790343599.371,5.0949,0.0441,0.2247
1790343599.687,5.0950,0.0441,0.2247
1790343599.912,5.0950,0.0441,0.2247
1790343600.182,5.0950,0.0441,0.2247
1790343600.361,5.0950,0.0441,0.2246
1790343600.678,5.0950,0.0441,0.2246
1790343600.856,5.0950,0.0441,0.2246
1790343601.171,5.0948,0.0441,0.2247
1790343601.351,5.0946,0.0441,0.2248
1790343601.668,5.0947,0.0441,0.2247
1790343601.847,5.0947,0.0441,0.2248
1790343602.161,5.0949,0.0441,0.2246
1790343602.341,5.0950,0.0441,0.2246
1790343602.656,5.0948,0.0440,0.2246
1790343602.883,5.0945,0.0440,0.2244
1790343603.151,5.0945,0.0440,0.2246
1790343603.376,5.0943,0.0441,0.2246
1790343603.646,5.0941,0.0441,0.2246
1790343603.872,5.0943,0.0441,0.2248
1790343604.142,5.0942,0.0441,0.2246
1790343604.366,5.0943,0.0440,0.2245
1790343604.681,5.0946,0.0440,0.2245
1790343604.861,5.0945,0.0440,0.2244
1790343605.179,5.0943,0.0440,0.2244
1790343605.356,5.0944,0.0440,0.2245
1790343605.673,5.0944,0.0440,0.2244
1790343605.852,5.0946,0.0440,0.2245
1790343606.167,5.0949,0.0441,0.2246
1790343606.346,5.0949,0.0440,0.2245
1790343606.661,5.0948,0.0441,0.2246
1790343606.841,5.0944,0.0441,0.2247
1790343607.156,5.0944,0.0441,0.2246
1790343607.381,5.0944,0.0441,0.2246
1790343607.652,5.0946,0.0441,0.2247
1790343607.878,5.0948,0.0441,0.2246
1790343608.146,5.0947,0.0441,0.2246
1790343608.372,5.0948,0.0441,0.2246
1790343608.642,5.0948,0.0440,0.2245
1790343608.868,5.0948,0.0440,0.2245
1790343609.183,5.0950,0.0440,0.2243
1790343609.361,5.0950,0.0440,0.2244
1790343609.677,5.0949,0.0440,0.2245
1790343609.857,5.0950,0.0440,0.2246
1790343610.173,5.0949,0.0441,0.2247
1790343610.351,5.0949,0.0441,0.2246
1790343610.667,5.0951,0.0440,0.2245
1790343610.847,5.0950,0.0440,0.2245
1790343611.161,5.0950,0.0440,0.2244
1790343611.343,5.0950,0.0440,0.2245
1790343611.657,5.0950,0.0440,0.2245
1790343611.881,5.0950,0.0440,0.2246
1790343612.151,5.0949,0.0441,0.2247
1790343612.376,5.0948,0.0441,0.2246
1790343612.646,5.0946,0.0441,0.2246
1790343612.873,5.0943,0.0440,0.2246
1790343613.141,5.0943,0.0440,0.2245
1790343613.366,5.0942,0.0440,0.2244
1790343613.681,5.0942,0.0440,0.2244
1790343613.861,5.0944,0.0440,0.2245
1790343614.178,5.0947,0.0440,0.2244
1790343614.356,5.0946,0.0440,0.2245
1790343614.671,5.0947,0.0440,0.2245
1790343614.852,5.0946,0.0440,0.2244
1790343615.168,5.0944,0.0440,0.2245
1790343615.347,5.0944,0.0440,0.2245
1790343615.662,5.0944,0.0441,0.2246
1790343615.843,5.0944,0.0441,0.2246
1790343616.156,5.0946,0.0441,0.2246
1790343616.381,5.0947,0.0440,0.2245
1790343616.651,5.0944,0.0440,0.2245
1790343616.878,5.0943,0.0440,0.2244
1790343617.147,5.0942,0.0440,0.2244
1790343617.373,5.0943,0.0440,0.2244
1790343617.643,5.0944,0.0440,0.2245
1790343617.868,5.0946,0.0441,0.2246
1790343618.182,5.0948,0.0440,0.2245
1790343618.361,5.0948,0.0441,0.2246
1790343618.677,5.0948,0.0440,0.2245
1790343618.857,5.0948,0.0440,0.2246
1790343619.172,5.0949,0.0441,0.2246
1790343619.351,5.0950,0.0441,0.2246
1790343619.668,5.0950,0.0440,0.2246
1790343619.848,5.0951,0.0440,0.2245
1790343620.163,5.0951,0.0440,0.2245
1790343620.342,5.0951,0.0440,0.2245
1790343620.656,5.0950,0.0440,0.2244
1790343620.881,5.0949,0.0440,0.2244
1790343621.151,5.0948,0.0440,0.2243
1790343621.377,5.0947,0.0440,0.2244
1790343621.647,5.0947,0.0440,0.2243
1790343621.872,5.0948,0.0440,0.2244
1790343622.142,5.0950,0.0440,0.2243
1790343622.368,5.0950,0.0440,0.2243
1790343622.681,5.0948,0.0440,0.2243
1790343622.862,5.0946,0.0440,0.2243
1790343623.176,5.0944,0.0440,0.2243
1790343623.356,5.0942,0.0440,0.2242
1790343623.672,5.0940,0.0440,0.2242
1790343623.853,5.0942,0.0440,0.2242
1790343624.168,5.0944,0.0440,0.2244
1790343624.346,5.0946,0.0440,0.2244
1790343624.661,5.0950,0.0440,0.2244
1790343624.843,5.0950,0.0440,0.2244
1790343625.156,5.0946,0.0440,0.2243
1790343625.382,5.0945,0.0440,0.2243
1790343625.652,5.0944,0.0440,0.2244
1790343625.878,5.0944,0.0440,0.2245
1790343626.147,5.0948,0.0440,0.2245
1790343626.371,5.0948,0.0440,0.2245
1790343626.641,5.0945,0.0440,0.2245
1790343626.868,5.0944,0.0440,0.2245
1790343627.183,5.0942,0.0440,0.2244
1790343627.362,5.0943,0.0440,0.2244
1790343627.678,5.0948,0.0440,0.2245
1790343627.857,5.0948,0.0440,0.2245
1790343628.172,5.0948,0.0440,0.2244
1790343628.351,5.0948,0.0440,0.2245
1790343628.667,5.0948,0.0440,0.2244
1790343628.847,5.0950,0.0440,0.2244
1790343629.162,5.0949,0.0440,0.2244
1790343629.343,5.0950,0.0440,0.2244
1790343629.658,5.0949,0.0440,0.2244
1790343629.881,5.0949,0.0440,0.2244
1790343630.151,5.0949,0.0440,0.2244
1790343630.378,5.0949,0.0440,0.2244
1790343630.646,5.0949,0.0440,0.2245
1790343630.874,5.0950,0.0440,0.2245
1790343631.142,5.0950,0.0440,0.2244
1790343631.368,5.0951,0.0440,0.2244
1790343631.681,5.0951,0.0440,0.2244
1790343631.861,5.0952,0.0440,0.2244
1790343632.177,5.0951,0.0441,0.2246
1790343632.356,5.0951,0.0441,0.2246
1790343632.671,5.0948,0.0440,0.2246
1790343632.853,5.0946,0.0441,0.2246
1790343633.166,5.0945,0.0440,0.2245
1790343633.346,5.0944,0.0440,0.2243
1790343633.663,5.0943,0.0440,0.2243
1790343633.843,5.0946,0.0440,0.2242
1790343634.156,5.0946,0.0440,0.2243
1790343634.382,5.0944,0.0440,0.2243
1790343634.651,5.0948,0.0440,0.2245
1790343634.876,5.0947,0.0441,0.2246
1790343635.146,5.0946,0.0441,0.2246
1790343635.373,5.0948,0.0440,0.2245
1790343635.642,5.0946,0.0440,0.2244
1790343635.867,5.0946,0.0440,0.2244
1790343636.183,5.0948,0.0440,0.2244
1790343636.361,5.0948,0.0440,0.2245
1790343636.676,5.0947,0.0441,0.2246
1790343636.857,5.0944,0.0440,0.2245
1790343637.172,5.0944,0.0440,0.2246
1790343637.351,5.0944,0.0440,0.2246
1790343637.667,5.0946,0.0441,0.2246
1790343637.848,5.0948,0.0440,0.2245
1790343638.161,5.0949,0.0440,0.2245
1790343638.342,5.0949,0.0440,0.2244
1790343638.657,5.0949,0.0440,0.2242
1790343638.881,5.0949,0.0440,0.2242
1790343639.151,5.0950,0.0440,0.2242
1790343639.378,5.0949,0.0440,0.2242
1790343639.648,5.0950,0.0440,0.2245
1790343639.872,5.0950,0.0440,0.2245
1790343640.142,5.0951,0.0440,0.2245
1790343640.368,5.0953,0.0440,0.2244
1790343640.682,5.0951,0.0440,0.2243
1790343640.863,5.0951,0.0440,0.2243
1790343641.178,5.0950,0.0440,0.2243
1790343641.357,5.0949,0.0440,0.2243
1790343641.672,5.0948,0.0440,0.2242
1790343641.852,5.0948,0.0440,0.2243
1790343642.168,5.0949,0.0440,0.2242
1790343642.346,5.0950,0.0440,0.2243
1790343642.661,5.0950,0.0440,0.2243
1790343642.842,5.0947,0.0440,0.2242
1790343643.157,5.0945,0.0440,0.2244
1790343643.382,5.0942,0.0440,0.2244
1790343643.653,5.0941,0.0440,0.2244
1790343643.877,5.0943,0.0440,0.2245
1790343644.147,5.0944,0.0440,0.2244
1790343644.373,5.0947,0.0440,0.2244
1790343644.642,5.0948,0.0440,0.2243
1790343644.867,5.0948,0.0440,0.2243
1790343645.183,5.0946,0.0440,0.2243
1790343645.362,5.0945,0.0440,0.2243
1790343645.677,5.0945,0.0440,0.2244
1790343645.858,5.0947,0.0440,0.2244
1790343646.171,5.0950,0.0440,0.2245
1790343646.352,5.0950,0.0440,0.2245
1790343646.667,5.0948,0.0440,0.2245
1790343646.847,5.0945,0.0440,0.2245
1790343647.163,5.0943,0.0440,0.2245
1790343647.343,5.0943,0.0440,0.2245
1790343647.658,5.0947,0.0440,0.2245
1790343647.882,5.0950,0.0440,0.2245
1790343648.152,5.0950,0.0440,0.2245
1790343648.378,5.0950,0.0440,0.2244
1790343648.648,5.0950,0.0440,0.2244
1790343648.873,5.0950,0.0440,0.2242
1790343649.142,5.0951,0.0440,0.2241
1790343649.368,5.0950,0.0440,0.2242
1790343649.682,5.0950,0.0440,0.2243
1790343649.863,5.0951,0.0440,0.2245
1790343650.178,5.0951,0.0440,0.2244
1790343650.357,5.0951,0.0440,0.2243
1790343650.673,5.0950,0.0440,0.2241
1790343650.853,5.0950,0.0440,0.2241
1790343651.168,5.0950,0.0440,0.2242
1790343651.347,5.0949,0.0440,0.2242
1790343651.662,5.0949,0.0440,0.2243
1790343651.842,5.0950,0.0440,0.2243
1790343652.157,5.0949,0.0440,0.2242
1790343652.382,5.0950,0.0440,0.2242
1790343652.652,5.0946,0.0440,0.2243
1790343652.878,5.0944,0.0440,0.2243
1790343653.147,5.0946,0.0440,0.2244
1790343653.372,5.0944,0.0440,0.2243
1790343653.642,5.0945,0.0440,0.2243
1790343653.867,5.0946,0.0440,0.2242
1790343654.183,5.0946,0.0440,0.2243
1790343654.363,5.0948,0.0440,0.2244
1790343654.677,5.0950,0.0440,0.2244
1790343654.858,5.0949,0.0440,0.2244
1790343655.173,5.0948,0.0440,0.2243
1790343655.352,5.0946,0.0440,0.2243
1790343655.667,5.0946,0.0440,0.2244
1790343655.848,5.0947,0.0440,0.2245
1790343656.162,5.0950,0.0441,0.2246
1790343656.342,5.0950,0.0440,0.2245
1790343656.657,5.0948,0.0440,0.2246
1790343656.882,5.0945,0.0441,0.2246
1790343657.152,5.0942,0.0440,0.2244
1790343657.378,5.0942,0.0440,0.2245
1790343657.647,5.0945,0.0440,0.2245
1790343657.873,5.0947,0.0440,0.2243
1790343658.142,5.0949,0.0440,0.2244
1790343658.368,5.0950,0.0440,0.2243
1790343658.682,5.0948,0.0440,0.2245
1790343658.862,5.0947,0.0440,0.2245
1790343659.177,5.0946,0.0440,0.2245
1790343659.357,5.0946,0.0440,0.2245
1790343659.672,5.0946,0.0440,0.2244
1790343659.852,5.0948,0.0440,0.2243
1790343660.167,5.0947,0.0440,0.2243
1790343660.347,5.0947,0.0440,0.2243
1790343660.662,5.0947,0.0440,0.2243
1790343660.842,5.0946,0.0440,0.2244
1790343661.157,5.0949,0.0440,0.2243
1790343661.382,5.0948,0.0440,0.2244
1790343661.652,5.0948,0.0440,0.2243
1790343661.877,5.0947,0.0440,0.2243
1790343662.147,5.0946,0.0440,0.2243
1790343662.372,5.0947,0.0440,0.2243
1790343662.642,5.0946,0.0440,0.2244
1790343662.868,5.0943,0.0440,0.2244
1790343663.182,5.0944,0.0440,0.2243
1790343663.362,5.0941,0.0440,0.2242
1790343663.677,5.0937,0.0440,0.2242
1790343663.857,5.0941,0.0440,0.2242
1790343664.173,5.0942,0.0440,0.2242
1790343664.352,5.0944,0.0440,0.2243
1790343664.668,5.0947,0.0440,0.2243
1790343664.847,5.0944,0.0440,0.2242
1790343665.163,5.0938,0.0439,0.2240
1790343665.343,5.0936,0.0440,0.2241
1790343665.657,5.0937,0.0440,0.2241
1790343665.882,5.0940,0.0440,0.2241
1790343666.152,5.0944,0.0440,0.2242
1790343666.377,5.0944,0.0440,0.2241
1790343666.647,5.0943,0.0440,0.2241
1790343666.872,5.0942,0.0440,0.2242
1790343667.142,5.0942,0.0440,0.2243
1790343667.368,5.0942,0.0440,0.2245
1790343667.682,5.0943,0.0440,0.2245
1790343667.863,5.0945,0.0440,0.2244
1790343668.178,5.0946,0.0440,0.2245
1790343668.358,5.0945,0.0440,0.2244
1790343668.672,5.0946,0.0440,0.2244
1790343668.853,5.0947,0.0440,0.2243
1790343669.168,5.0948,0.0440,0.2242
1790343669.347,5.0950,0.0440,0.2241
1790343669.663,5.0949,0.0440,0.2243
1790343669.842,5.0949,0.0440,0.2243
1790343670.157,5.0950,0.0440,0.2245
1790343670.382,5.0949,0.0440,0.2245
1790343670.653,5.0951,0.0440,0.2243
1790343670.877,5.0950,0.0440,0.2243
1790343671.147,5.0950,0.0440,0.2243
1790343671.373,5.0949,0.0440,0.2244
1790343671.642,5.0947,0.0440,0.2244
1790343671.868,5.0947,0.0440,0.2244
1790343672.183,5.0947,0.0440,0.2244
1790343672.362,5.0947,0.0440,0.2243
1790343672.677,5.0945,0.0440,0.2243
1790343672.857,5.0943,0.0440,0.2243
1790343673.172,5.0944,0.0440,0.2242
1790343673.353,5.0942,0.0440,0.2241
1790343673.668,5.0942,0.0439,0.2240
1790343673.848,5.0943,0.0439,0.2240
1790343674.163,5.0943,0.0440,0.2241
1790343674.343,5.0945,0.0440,0.2242
1790343674.657,5.0946,0.0440,0.2243
1790343674.882,5.0947,0.0440,0.2244
1790343675.152,5.0945,0.0440,0.2245
1790343675.378,5.0944,0.0440,0.2245
1790343675.647,5.0946,0.0440,0.2245
1790343675.872,5.0948,0.0440,0.2245
1790343676.142,5.0948,0.0440,0.2244
1790343676.368,5.0948,0.0440,0.2243
1790343676.682,5.0941,0.0440,0.2242
1790343676.863,5.0937,0.0440,0.2242
1790343677.178,5.0936,0.0440,0.2241
1790343677.357,5.0936,0.0439,0.2240
1790343677.672,5.0940,0.0440,0.2241
1790343677.853,5.0944,0.0438,0.2235
1790343678.167,5.0946,0.0435,0.2217
1790343678.347,5.0946,0.0432,0.2204
1790343678.663,5.0948,0.0429,0.2186
1790343678.842,5.0948,0.0427,0.2179
1790343679.157,5.0947,0.0427,0.2178
1790343679.383,5.0948,0.0427,0.2179
1790343679.652,5.0948,0.0427,0.2180
1790343679.877,5.0948,0.0427,0.2179
1790343680.147,5.0948,0.0427,0.2179
1790343680.373,5.0947,0.0427,0.2177
1790343680.642,5.0946,0.0427,0.2177
1790343680.868,5.0947,0.0427,0.2177
1790343681.183,5.0948,0.0427,0.2177
1790343681.362,5.0949,0.0427,0.2178
1790343681.677,5.0950,0.0427,0.2177
1790343681.857,5.0945,0.0427,0.2177
1790343682.172,5.0941,0.0427,0.2178
1790343682.352,5.0938,0.0427,0.2179
1790343682.667,5.0935,0.0427,0.2178
1790343682.847,5.0936,0.0427,0.2178
1790343683.162,5.0941,0.0427,0.2177
1790343683.342,5.0941,0.0427,0.2177
1790343683.657,5.0942,0.0427,0.2177
1790343683.882,5.0944,0.0427,0.2177
1790343684.152,5.0942,0.0427,0.2178
1790343684.378,5.0944,0.0427,0.2177
1790343684.647,5.0946,0.0427,0.2176
1790343684.872,5.0945,0.0427,0.2176
1790343685.142,5.0944,0.0427,0.2178
1790343685.367,5.0944,0.0427,0.2177
1790343685.682,5.0943,0.0428,0.2181
1790343685.863,5.0944,0.0428,0.2182
1790343686.177,5.0946,0.0428,0.2180
1790343686.357,5.0947,0.0428,0.2180
1790343686.672,5.0944,0.0427,0.2178
1790343686.852,5.0941,0.0427,0.2177
1790343687.167,5.0942,0.0427,0.2177
1790343687.347,5.0942,0.0427,0.2177
1790343687.662,5.0944,0.0427,0.2177
1790343687.842,5.0947,0.0427,0.2177
1790343688.157,5.0946,0.0427,0.2177
1790343688.382,5.0946,0.0427,0.2177
1790343688.652,5.0945,0.0427,0.2176
1790343688.877,5.0944,0.0427,0.2175
1790343689.147,5.0944,0.0427,0.2176
1790343689.372,5.0944,0.0427,0.2176
1790343689.642,5.0946,0.0427,0.2177
1790343689.868,5.0945,0.0427,0.2178
1790343690.182,5.0946,0.0427,0.2179
1790343690.362,5.0944,0.0427,0.2177
1790343690.677,5.0942,0.0427,0.2176
1790343690.857,5.0941,0.0427,0.2176
1790343691.172,5.0941,0.0427,0.2175
1790343691.353,5.0940,0.0427,0.2176
1790343691.667,5.0939,0.0427,0.2177
1790343691.847,5.0942,0.0427,0.2178
1790343692.162,5.0942,0.0427,0.2176
1790343692.342,5.0942,0.0427,0.2177
1790343692.657,5.0944,0.0427,0.2178
1790343692.882,5.0941,0.0427,0.2178
1790343693.152,5.0941,0.0427,0.2179
1790343693.377,5.0941,0.0427,0.2178
1790343693.648,5.0942,0.0427,0.2177
1790343693.872,5.0942,0.0427,0.2178
1790343694.143,5.0942,0.0427,0.2176
1790343694.367,5.0943,0.0427,0.2177
1790343694.682,5.0946,0.0427,0.2177
1790343694.862,5.0946,0.0427,0.2175
1790343695.178,5.0943,0.0427,0.2175
1790343695.357,5.0942,0.0427,0.2175
1790343695.672,5.0941,0.0426,0.2174
1790343695.852,5.0942,0.0427,0.2175
1790343696.167,5.0944,0.0427,0.2176
1790343696.348,5.0945,0.0427,0.2175
1790343696.662,5.0942,0.0427,0.2177
1790343696.842,5.0942,0.0427,0.2177
1790343697.158,5.0942,0.0427,0.2177
1790343697.383,5.0942,0.0427,0.2178
1790343697.652,5.0945,0.0427,0.2177
1790343697.877,5.0946,0.0427,0.2177
1790343698.147,5.0947,0.0427,0.2178
1790343698.372,5.0947,0.0427,0.2177
1790343698.643,5.0945,0.0427,0.2178
1790343698.867,5.0945,0.0427,0.2178
1790343699.183,5.0946,0.0427,0.2178
1790343699.362,5.0945,0.0427,0.2176
1790343699.677,5.0946,0.0426,0.2174
1790343699.857,5.0946,0.0426,0.2172
1790343700.172,5.0945,0.0426,0.2171
1790343700.352,5.0946,0.0426,0.2173
1790343700.667,5.0942,0.0426,0.2174
1790343700.847,5.0942,0.0427,0.2176
1790343701.162,5.0944,0.0427,0.2178
1790343701.342,5.0944,0.0427,0.2177
1790343701.657,5.0947,0.0427,0.2176
1790343701.882,5.0948,0.0427,0.2178
1790343702.152,5.0948,0.0427,0.2178
1790343702.377,5.0947,0.0427,0.2177
1790343702.647,5.0944,0.0427,0.2178
1790343702.872,5.0941,0.0427,0.2178
1790343703.142,5.0942,0.0427,0.2176
1790343703.367,5.0940,0.0427,0.2177
1790343703.682,5.0940,0.0427,0.2176
1790343703.863,5.0942,0.0427,0.2177
1790343704.178,5.0941,0.0427,0.2179
1790343704.357,5.0942,0.0427,0.2179
1790343704.672,5.0944,0.0428,0.2180
1790343704.852,5.0944,0.0428,0.2180
1790343705.168,5.0944,0.0427,0.2178
1790343705.347,5.0943,0.0427,0.2178
1790343705.662,5.0942,0.0427,0.2177
1790343705.842,5.0943,0.0427,0.2177
1790343706.157,5.0946,0.0427,0.2177
1790343706.382,5.0946,0.0427,0.2178
1790343706.652,5.0945,0.0427,0.2177
1790343706.877,5.0942,0.0427,0.2178
1790343707.147,5.0941,0.0427,0.2179
1790343707.372,5.0941,0.0427,0.2178
1790343707.643,5.0941,0.0427,0.2177
1790343707.868,5.0943,0.0427,0.2177
1790343708.183,5.0945,0.0427,0.2176
1790343708.362,5.0946,0.0427,0.2175
1790343708.677,5.0947,0.0427,0.2176
1790343708.857,5.0948,0.0427,0.2176
1790343709.172,5.0948,0.0427,0.2178
1790343709.352,5.0948,0.0427,0.2177
1790343709.668,5.0946,0.0427,0.2177
1790343709.847,5.0947,0.0427,0.2177
1790343710.162,5.0946,0.0427,0.2175
1790343710.342,5.0945,0.0427,0.2177
1790343710.658,5.0946,0.0427,0.2178
1790343710.882,5.0947,0.0427,0.2179
1790343711.152,5.0947,0.0427,0.2178
1790343711.377,5.0948,0.0427,0.2179
1790343711.647,5.0948,0.0427,0.2177
1790343711.872,5.0946,0.0427,0.2177
1790343712.142,5.0949,0.0427,0.2178
1790343712.367,5.0950,0.0427,0.2178
1790343712.682,5.0947,0.0427,0.2179
1790343712.862,5.0947,0.0427,0.2179
1790343713.177,5.0945,0.0427,0.2178
1790343713.358,5.0944,0.0427,0.2177
1790343713.672,5.0942,0.0427,0.2177
1790343713.852,5.0942,0.0427,0.2176
1790343714.167,5.0943,0.0427,0.2177
1790343714.347,5.0943,0.0427,0.2177
1790343714.662,5.0946,0.0428,0.2181
1790343714.842,5.0947,0.0428,0.2180
1790343715.158,5.0944,0.0427,0.2178
1790343715.383,5.0943,0.0427,0.2178
1790343715.652,5.0945,0.0427,0.2176
1790343715.877,5.0945,0.0427,0.2175
1790343716.147,5.0946,0.0427,0.2175
1790343716.373,5.0948,0.0427,0.2176
1790343716.642,5.0946,0.0427,0.2176
1790343716.868,5.0944,0.0427,0.2176
1790343717.182,5.0944,0.0427,0.2176
1790343717.362,5.0944,0.0427,0.2177
1790343717.768,5.0944,0.0427,0.2177
1790343717.857,5.0947,0.0427,0.2179
1790343718.173,5.0948,0.0427,0.2179
1790343718.352,5.0947,0.0427,0.2178
1790343718.667,5.0947,0.0427,0.2178
1790343718.847,5.0947,0.0427,0.2177
1790343719.164,5.0946,0.0427,0.2176
1790343719.342,5.0946,0.0427,0.2177
1790343719.658,5.0947,0.0427,0.2177
1790343719.882,5.0947,0.0427,0.2175
1790343720.152,5.0949,0.0427,0.2176
1790343720.378,5.0949,0.0426,0.2174
1790343720.647,5.0949,0.0426,0.2174
1790343720.872,5.0949,0.0427,0.2175
1790343721.142,5.0947,0.0427,0.2175
1790343721.367,5.0946,0.0427,0.2176
1790343721.682,5.0946,0.0427,0.2176
1790343721.863,5.0946,0.0427,0.2177
1790343722.178,5.0948,0.0427,0.2178
1790343722.357,5.0949,0.0427,0.2178
1790343722.672,5.0948,0.0427,0.2177
1790343722.853,5.0946,0.0427,0.2175
1790343723.167,5.0942,0.0427,0.2177
1790343723.347,5.0939,0.0427,0.2177
1790343723.663,5.0938,0.0427,0.2177
1790343723.843,5.0939,0.0427,0.2178
1790343724.157,5.0939,0.0427,0.2176
1790343724.382,5.0942,0.0427,0.2176
1790343724.653,5.0944,0.0427,0.2177
1790343724.877,5.0944,0.0427,0.2176
1790343725.147,5.0944,0.0427,0.2175
1790343725.372,5.0944,0.0427,0.2175
1790343725.642,5.0943,0.0426,0.2172
1790343725.867,5.0944,0.0426,0.2174
1790343726.184,5.0946,0.0427,0.2176
1790343726.362,5.0946,0.0427,0.2177
1790343726.677,5.0945,0.0427,0.2179
1790343726.857,5.0944,0.0427,0.2178
1790343727.172,5.0944,0.0427,0.2177
1790343727.353,5.0944,0.0427,0.2177
1790343727.667,5.0944,0.0427,0.2177
1790343727.847,5.0946,0.0427,0.2177
1790343728.163,5.0948,0.0427,0.2178
1790343728.342,5.0950,0.0427,0.2176
1790343728.657,5.0950,0.0427,0.2176
1790343728.882,5.0948,0.0427,0.2176
1790343729.152,5.0948,0.0427,0.2176
1790343729.378,5.0946,0.0427,0.2176
1790343729.647,5.0946,0.0427,0.2175
1790343729.873,5.0948,0.0427,0.2175
1790343730.142,5.0948,0.0427,0.2175
1790343730.367,5.0948,0.0427,0.2175
1790343730.682,5.0948,0.0427,0.2176
1790343730.862,5.0947,0.0427,0.2177
1790343731.177,5.0946,0.0427,0.2176
1790343731.357,5.0946,0.0427,0.2177
1790343731.672,5.0946,0.0427,0.2177
1790343731.853,5.0946,0.0427,0.2177
1790343732.168,5.0948,0.0427,0.2177
1790343732.347,5.0947,0.0427,0.2176
1790343732.662,5.0945,0.0427,0.2176
1790343732.842,5.0942,0.0427,0.2176
1790343733.157,5.0938,0.0427,0.2175
1790343733.383,5.0936,0.0427,0.2175
1790343733.652,5.0935,0.0427,0.2176
1790343733.877,5.0937,0.0427,0.2176
1790343734.147,5.0940,0.0427,0.2177
1790343734.374,5.0942,0.0427,0.2177
1790343734.642,5.0946,0.0427,0.2177
1790343734.868,5.0946,0.0427,0.2178
1790343735.182,5.0944,0.0427,0.2176
1790343735.363,5.0943,0.0427,0.2176
1790343735.677,5.0943,0.0427,0.2175
1790343735.858,5.0943,0.0427,0.2175
1790343736.172,5.0945,0.0427,0.2176
1790343736.352,5.0946,0.0427,0.2177
1790343736.667,5.0944,0.0427,0.2177
1790343736.848,5.0943,0.0427,0.2177
1790343737.162,5.0943,0.0427,0.2176
1790343737.342,5.0943,0.0427,0.2176
1790343737.658,5.0946,0.0426,0.2174
1790343737.882,5.0948,0.0426,0.2175
1790343738.153,5.0950,0.0426,0.2174
1790343738.378,5.0950,0.0427,0.2175
1790343738.649,5.0951,0.0427,0.2176
1790343738.872,5.0950,0.0427,0.2176
1790343739.142,5.0948,0.0427,0.2178
1790343739.367,5.0946,0.0427,0.2178
1790343739.682,5.0946,0.0427,0.2178
1790343739.863,5.0946,0.0427,0.2177
1790343740.177,5.0948,0.0427,0.2177
1790343740.357,5.0949,0.0427,0.2177
1790343740.672,5.0950,0.0427,0.2177
1790343740.853,5.0950,0.0427,0.2177
1790343741.168,5.0949,0.0427,0.2178
1790343741.347,5.0948,0.0427,0.2177
1790343741.663,5.0947,0.0427,0.2177
1790343741.843,5.0948,0.0427,0.2177
1790343742.157,5.0949,0.0427,0.2176
1790343742.382,5.0949,0.0427,0.2176
1790343742.652,5.0948,0.0427,0.2175
1790343742.877,5.0944,0.0427,0.2175
1790343743.147,5.0944,0.0427,0.2176
1790343743.372,5.0942,0.0427,0.2175
1790343743.643,5.0940,0.0427,0.2176
1790343743.868,5.0942,0.0427,0.2176
1790343744.182,5.0942,0.0427,0.2176
1790343744.362,5.0943,0.0427,0.2177
1790343744.677,5.0948,0.0427,0.2177
1790343744.860,5.0946,0.0427,0.2175
1790343745.173,5.0942,0.0426,0.2174
1790343745.352,5.0942,0.0426,0.2173
1790343745.667,5.0942,0.0427,0.2176
1790343745.850,5.0942,0.0427,0.2177
1790343746.163,5.0946,0.0427,0.2177
1790343746.342,5.0947,0.0427,0.2177
1790343746.657,5.0945,0.0427,0.2175
1790343746.882,5.0944,0.0427,0.2175
1790343747.153,5.0943,0.0426,0.2174
1790343747.377,5.0943,0.0427,0.2176
1790343747.649,5.0945,0.0427,0.2176
1790343747.872,5.0946,0.0427,0.2177
1790343748.142,5.0946,0.0427,0.2176
1790343748.367,5.0946,0.0427,0.2175
1790343748.682,5.0948,0.0426,0.2174
1790343748.863,5.0948,0.0426,0.2173
1790343749.178,5.0949,0.0426,0.2174
1790343749.358,5.0950,0.0427,0.2175
1790343749.672,5.0949,0.0427,0.2175
1790343749.853,5.0949,0.0426,0.2174
1790343750.168,5.0949,0.0427,0.2177
1790343750.347,5.0950,0.0427,0.2177
1790343750.663,5.0950,0.0427,0.2177
1790343750.843,5.0950,0.0427,0.2177
1790343751.159,5.0950,0.0427,0.2176
1790343751.383,5.0950,0.0427,0.2176
1790343751.653,5.0949,0.0427,0.2176
1790343751.877,5.0950,0.0427,0.2177
1790343752.147,5.0951,0.0427,0.2177
1790343752.372,5.0950,0.0427,0.2178
1790343752.642,5.0949,0.0427,0.2178
1790343752.868,5.0946,0.0427,0.2178
1790343753.182,5.0945,0.0427,0.2176
1790343753.364,5.0944,0.0427,0.2177
1790343753.677,5.0942,0.0427,0.2176
1790343753.859,5.0942,0.0427,0.2176
1790343754.173,5.0942,0.0427,0.2176
1790343754.354,5.0942,0.0427,0.2175
1790343754.667,5.0945,0.0427,0.2176
1790343754.847,5.0945,0.0427,0.2176
1790343755.164,5.0943,0.0427,0.2176
1790343755.342,5.0943,0.0427,0.2176
1790343755.658,5.0943,0.0426,0.2174
1790343755.883,5.0945,0.0426,0.2173
1790343756.153,5.0948,0.0426,0.2173
1790343756.377,5.0949,0.0426,0.2175
1790343756.647,5.0946,0.0427,0.2176
1790343756.872,5.0943,0.0427,0.2176
1790343757.142,5.0944,0.0427,0.2177
1790343757.368,5.0943,0.0427,0.2176
1790343757.683,5.0944,0.0426,0.2174
1790343757.863,5.0946,0.0426,0.2174
1790343758.177,5.0946,0.0427,0.2175
1790343758.357,5.0947,0.0427,0.2176
1790343758.672,5.0950,0.0420,0.2141
1790343758.852,5.0952,0.0405,0.2065
1790343759.169,5.0955,0.0383,0.1953
1790343759.347,5.0957,0.0368,0.1878
1790343759.663,5.0957,0.0352,0.1795
1790343759.843,5.0957,0.0352,0.1798
1790343760.159,5.0956,0.0353,0.1799
1790343760.384,5.0955,0.0353,0.1799
1790343760.654,5.0955,0.0353,0.1799
1790343760.877,5.0955,0.0353,0.1798
1790343761.193,5.0955,0.0352,0.1797
1790343761.373,5.0955,0.0352,0.1797
1790343761.644,5.0955,0.0352,0.1797
1790343761.867,5.0955,0.0352,0.1797
1790343762.183,5.0953,0.0352,0.1796
1790343762.362,5.0954,0.0352,0.1796
1790343762.677,5.0952,0.0352,0.1795
1790343762.859,5.0951,0.0352,0.1795
1790343763.172,5.0950,0.0352,0.1796
1790343763.354,5.0948,0.0352,0.1795
1790343763.667,5.0948,0.0352,0.1796
1790343763.848,5.0948,0.0352,0.1796
1790343764.163,5.0949,0.0352,0.1796
1790343764.342,5.0951,0.0352,0.1798
1790343764.657,5.0953,0.0352,0.1798
1790343764.882,5.0952,0.0353,0.1799
1790343765.154,5.0950,0.0353,0.1799
1790343765.379,5.0950,0.0353,0.1799
1790343765.649,5.0951,0.0352,0.1798
1790343765.872,5.0951,0.0352,0.1797
1790343766.142,5.0955,0.0352,0.1797
1790343766.367,5.0955,0.0352,0.1797
1790343766.682,5.0952,0.0352,0.1797
1790343766.862,5.0951,0.0352,0.1796
1790343767.177,5.0952,0.0352,0.1795
1790343767.357,5.0951,0.0352,0.1795
1790343767.672,5.0952,0.0352,0.1795
1790343767.854,5.0953,0.0352,0.1796
1790343768.168,5.0952,0.0352,0.1797
1790343768.349,5.0952,0.0352,0.1797
1790343768.662,5.0953,0.0353,0.1799
1790343768.844,5.0952,0.0352,0.1798
1790343769.159,5.0953,0.0353,0.1799
1790343769.382,5.0954,0.0353,0.1799
1790343769.653,5.0953,0.0352,0.1798
1790343769.877,5.0950,0.0352,0.1797
1790343770.147,5.0947,0.0352,0.1796
1790343770.372,5.0946,0.0352,0.1796
1790343770.642,5.0947,0.0352,0.1797
1790343770.867,5.0951,0.0353,0.1799
1790343771.182,5.0955,0.0353,0.1800
1790343771.363,5.0957,0.0353,0.1800
1790343771.677,5.0957,0.0353,0.1799
1790343771.858,5.0957,0.0353,0.1799
1790343772.174,5.0955,0.0352,0.1798
1790343772.353,5.0954,0.0352,0.1798
1790343772.712,5.0951,0.0353,0.1799
1790343772.847,5.0950,0.0353,0.1799
1790343773.162,5.0950,0.0352,0.1795
1790343773.342,5.0948,0.0352,0.1795
1790343773.657,5.0948,0.0352,0.1795
1790343773.882,5.0949,0.0352,0.1795
1790343774.153,5.0951,0.0352,0.1797
1790343774.379,5.0950,0.0352,0.1798
1790343774.647,5.0953,0.0352,0.1797
1790343774.872,5.0952,0.0352,0.1795
1790343775.142,5.0951,0.0352,0.1795
1790343775.367,5.0950,0.0352,0.1794
1790343775.682,5.0950,0.0352,0.1795
1790343775.863,5.0952,0.0352,0.1795
1790343776.179,5.0954,0.0352,0.1795
1790343776.357,5.0956,0.0352,0.1796
1790343776.673,5.0954,0.0352,0.1797
1790343776.852,5.0952,0.0352,0.1796
1790343777.167,5.0951,0.0352,0.1797
1790343777.347,5.0950,0.0352,0.1795
1790343777.664,5.0951,0.0352,0.1795
1790343777.843,5.0952,0.0352,0.1795
1790343778.157,5.0953,0.0352,0.1796
1790343778.383,5.0953,0.0352,0.1796
1790343778.653,5.0955,0.0352,0.1796
1790343778.877,5.0954,0.0352,0.1795
1790343779.147,5.0953,0.0352,0.1796
1790343779.372,5.0951,0.0352,0.1795
1790343779.643,5.0949,0.0352,0.1796
1790343779.868,5.0948,0.0352,0.1796
1790343780.182,5.0947,0.0352,0.1795
1790343780.362,5.0946,0.0352,0.1796
1790343780.677,5.0946,0.0352,0.1795
1790343780.858,5.0948,0.0352,0.1796
1790343781.173,5.0948,0.0352,0.1795
1790343781.353,5.0951,0.0352,0.1795
1790343781.667,5.0953,0.0352,0.1795
1790343781.848,5.0953,0.0352,0.1795
1790343782.162,5.0952,0.0352,0.1795
1790343782.342,5.0951,0.0352,0.1795
1790343782.657,5.0951,0.0352,0.1793
1790343782.882,5.0949,0.0352,0.1795
1790343783.153,5.0948,0.0352,0.1794
1790343783.377,5.0948,0.0352,0.1794
1790343783.648,5.0947,0.0352,0.1796
1790343783.872,5.0948,0.0352,0.1796
1790343784.142,5.0950,0.0352,0.1797
1790343784.368,5.0950,0.0352,0.1797
1790343784.684,5.0953,0.0352,0.1797
1790343784.863,5.0954,0.0352,0.1797
1790343785.179,5.0952,0.0352,0.1796
1790343785.359,5.0953,0.0352,0.1797
1790343785.672,5.0951,0.0352,0.1795
1790343785.853,5.0952,0.0352,0.1795
1790343786.169,5.0954,0.0352,0.1795
1790343786.347,5.0954,0.0352,0.1795
1790343786.663,5.0952,0.0352,0.1795
1790343786.843,5.0949,0.0352,0.1795
1790343787.204,5.0948,0.0352,0.1795
1790343787.384,5.0948,0.0352,0.1795
1790343787.652,5.0950,0.0352,0.1796
1790343787.879,5.0950,0.0352,0.1796
1790343788.147,5.0950,0.0352,0.1795
1790343788.374,5.0950,0.0352,0.1795
1790343788.643,5.0950,0.0352,0.1794
1790343788.867,5.0950,0.0352,0.1794
1790343789.182,5.0950,0.0352,0.1795
1790343789.362,5.0950,0.0352,0.1795
1790343789.677,5.0951,0.0352,0.1795
1790343789.858,5.0951,0.0352,0.1794
1790343790.172,5.0947,0.0352,0.1795
1790343790.353,5.0946,0.0352,0.1795
1790343790.668,5.0946,0.0352,0.1795
1790343790.847,5.0943,0.0352,0.1795
1790343791.162,5.0944,0.0352,0.1794
1790343791.344,5.0944,0.0352,0.1795
1790343791.658,5.0942,0.0352,0.1795
1790343791.883,5.0941,0.0352,0.1796
1790343792.154,5.0944,0.0352,0.1796
1790343792.378,5.0944,0.0352,0.1795
1790343792.649,5.0944,0.0352,0.1795
1790343792.873,5.0943,0.0352,0.1793
1790343793.144,5.0939,0.0352,0.1793
1790343793.368,5.0939,0.0352,0.1794
1790343793.683,5.0937,0.0352,0.1794
1790343793.863,5.0939,0.0352,0.1794
1790343794.178,5.0943,0.0352,0.1795
1790343794.359,5.0945,0.0352,0.1795
1790343794.674,5.0946,0.0352,0.1795
1790343794.854,5.0945,0.0352,0.1796
1790343795.169,5.0943,0.0352,0.1795
1790343795.349,5.0943,0.0352,0.1796
1790343795.663,5.0942,0.0352,0.1797
1790343795.843,5.0943,0.0352,0.1796
1790343796.159,5.0944,0.0352,0.1797
1790343796.383,5.0945,0.0352,0.1796
1790343796.653,5.0944,0.0352,0.1796
1790343796.879,5.0941,0.0352,0.1796
1790343797.149,5.0940,0.0352,0.1796
1790343797.373,5.0939,0.0352,0.1796
1790343797.644,5.0941,0.0352,0.1796
1790343797.868,5.0944,0.0352,0.1797
1790343798.183,5.0944,0.0353,0.1798
1790343798.363,5.0943,0.0353,0.1798
1790343798.678,5.0944,0.0352,0.1797
1790343798.858,5.0943,0.0352,0.1797
1790343799.174,5.0943,0.0352,0.1795
1790343799.354,5.0942,0.0352,0.1795
1790343799.668,5.0942,0.0352,0.1796
1790343799.849,5.0942,0.0352,0.1795
1790343800.163,5.0943,0.0352,0.1796
1790343800.344,5.0946,0.0352,0.1796
1790343800.658,5.0948,0.0352,0.1794
1790343800.883,5.0948,0.0352,0.1793
1790343801.153,5.0947,0.0352,0.1794
1790343801.378,5.0946,0.0352,0.1794
1790343801.648,5.0946,0.0352,0.1794
1790343801.873,5.0948,0.0352,0.1795
1790343802.143,5.0950,0.0352,0.1795
1790343802.368,5.0950,0.0352,0.1795
1790343802.683,5.0950,0.0352,0.1795
1790343802.864,5.0949,0.0352,0.1795
1790343803.179,5.0945,0.0352,0.1796
1790343803.358,5.0946,0.0352,0.1796
1790343803.673,5.0943,0.0352,0.1796
1790343803.853,5.0942,0.0352,0.1796
1790343804.168,5.0944,0.0352,0.1795
1790343804.348,5.0945,0.0352,0.1794
1790343804.663,5.0946,0.0352,0.1794
1790343804.843,5.0948,0.0352,0.1795
1790343805.158,5.0947,0.0352,0.1795
1790343805.383,5.0944,0.0352,0.1796
1790343805.654,5.0944,0.0352,0.1796
1790343805.878,5.0943,0.0352,0.1795
1790343806.148,5.0943,0.0352,0.1795
1790343806.373,5.0945,0.0352,0.1795
1790343806.643,5.0946,0.0352,0.1796
1790343806.868,5.0945,0.0352,0.1795
1790343807.183,5.0947,0.0352,0.1795
1790343807.364,5.0948,0.0352,0.1795
1790343807.678,5.0948,0.0352,0.1793
1790343807.858,5.0950,0.0352,0.1793
1790343808.173,5.0950,0.0352,0.1793
1790343808.353,5.0951,0.0352,0.1793
1790343808.668,5.0951,0.0352,0.1793
1790343808.848,5.0951,0.0352,0.1793
1790343809.163,5.0951,0.0352,0.1793
1790343809.343,5.0950,0.0352,0.1794
1790343809.658,5.0950,0.0352,0.1795
1790343809.883,5.0951,0.0352,0.1797
1790343810.153,5.0951,0.0352,0.1797
1790343810.378,5.0951,0.0352,0.1797
1790343810.648,5.0951,0.0352,0.1797
1790343810.873,5.0949,0.0352,0.1795
1790343811.143,5.0948,0.0352,0.1795
1790343811.368,5.0948,0.0352,0.1795
1790343811.639,5.0948,0.0352,0.1795
1790343811.863,5.0950,0.0352,0.1796
1790343812.178,5.0948,0.0352,0.1796
1790343812.359,5.0947,0.0352,0.1796
1790343812.673,5.0943,0.0352,0.1795
1790343812.853,5.0941,0.0352,0.1794
1790343813.168,5.0941,0.0352,0.1794
1790343813.348,5.0942,0.0352,0.1794
1790343813.663,5.0944,0.0352,0.1794
1790343813.843,5.0946,0.0352,0.1795
1790343814.158,5.0948,0.0352,0.1795
1790343814.338,5.0949,0.0352,0.1796
1790343814.654,5.0951,0.0352,0.1796
1790343814.833,5.0951,0.0352,0.1796
1790343815.148,5.0950,0.0352,0.1795
1790343815.374,5.0950,0.0352,0.1794
1790343815.644,5.0950,0.0352,0.1795
1790343815.868,5.0950,0.0352,0.1795
1790343816.138,5.0951,0.0352,0.1797
1790343816.363,5.0952,0.0352,0.1797
1790343816.633,5.0951,0.0352,0.1797
1790343816.858,5.0948,0.0352,0.1795
1790343817.173,5.0948,0.0352,0.1794
1790343817.354,5.0947,0.0352,0.1793
1790343817.668,5.0949,0.0352,0.1795
1790343817.848,5.0951,0.0352,0.1794
1790343818.163,5.0952,0.0352,0.1795
1790343818.343,5.0953,0.0352,0.1794
1790343818.658,5.0953,0.0352,0.1793
1790343818.838,5.0953,0.0352,0.1794
1790343819.153,5.0954,0.0352,0.1794
1790343819.333,5.0954,0.0352,0.1795
1790343819.648,5.0953,0.0352,0.1794
1790343819.873,5.0954,0.0352,0.1796
1790343820.143,5.0952,0.0352,0.1796
1790343820.368,5.0953,0.0352,0.1797
1790343820.638,5.0954,0.0352,0.1797
1790343820.864,5.0951,0.0352,0.1795
1790343821.133,5.0948,0.0352,0.1794
1790343821.358,5.0946,0.0352,0.1794
1790343821.673,5.0943,0.0352,0.1794
1790343821.854,5.0943,0.0352,0.1795
1790343822.169,5.0947,0.0352,0.1794
1790343822.349,5.0949,0.0352,0.1794
1790343822.663,5.0950,0.0352,0.1793
1790343822.843,5.0949,0.0352,0.1793
1790343823.158,5.0948,0.0352,0.1793
1790343823.338,5.0948,0.0352,0.1794
1790343823.654,5.0948,0.0352,0.1795
1790343823.834,5.0948,0.0352,0.1796
1790343824.148,5.0947,0.0352,0.1796
1790343824.373,5.0947,0.0352,0.1796
1790343824.643,5.0948,0.0352,0.1796
1790343824.868,5.0948,0.0352,0.1795
1790343825.139,5.0947,0.0352,0.1795
1790343825.364,5.0949,0.0352,0.1794
1790343825.633,5.0951,0.0352,0.1793
1790343825.858,5.0952,0.0352,0.1794
1790343826.174,5.0955,0.0352,0.1794
1790343826.354,5.0955,0.0352,0.1794
1790343826.668,5.0953,0.0352,0.1793
1790343826.848,5.0949,0.0352,0.1795
1790343827.164,5.0948,0.0352,0.1796
1790343827.344,5.0948,0.0352,0.1795
1790343827.658,5.0950,0.0352,0.1797
1790343827.839,5.0953,0.0352,0.1796
1790343828.154,5.0954,0.0352,0.1795
1790343828.333,5.0955,0.0352,0.1795
1790343828.648,5.0955,0.0352,0.1794
1790343828.873,5.0954,0.0352,0.1794
1790343829.143,5.0954,0.0352,0.1794
1790343829.368,5.0954,0.0352,0.1793
1790343829.639,5.0954,0.0352,0.1793
1790343829.863,5.0953,0.0352,0.1794
1790343830.133,5.0953,0.0352,0.1795
1790343830.359,5.0953,0.0352,0.1795
1790343830.673,5.0953,0.0352,0.1796
1790343830.854,5.0954,0.0352,0.1797
1790343831.169,5.0954,0.0352,0.1796
1790343831.349,5.0955,0.0352,0.1797
1790343831.663,5.0955,0.0352,0.1797
1790343831.844,5.0955,0.0352,0.1796
1790343832.159,5.0955,0.0352,0.1797
1790343832.338,5.0955,0.0352,0.1796
1790343832.653,5.0954,0.0352,0.1795
1790343832.833,5.0952,0.0352,0.1794
1790343833.148,5.0950,0.0352,0.1795
1790343833.373,5.0947,0.0352,0.1795
1790343833.644,5.0944,0.0352,0.1793
1790343833.868,5.0945,0.0352,0.1793
1790343834.138,5.0949,0.0352,0.1794
1790343834.364,5.0951,0.0352,0.1793
1790343834.633,5.0954,0.0352,0.1794
1790343834.858,5.0954,0.0352,0.1796
1790343835.173,5.0951,0.0352,0.1794
1790343835.354,5.0949,0.0352,0.1793
1790343835.668,5.0949,0.0352,0.1793
1790343835.849,5.0949,0.0351,0.1792
1790343836.163,5.0950,0.0351,0.1791
1790343836.343,5.0953,0.0352,0.1793
1790343836.658,5.0950,0.0352,0.1794
1790343836.838,5.0948,0.0352,0.1793
1790343837.153,5.0948,0.0352,0.1794
1790343837.333,5.0948,0.0352,0.1793
1790343837.648,5.0949,0.0352,0.1793
1790343837.873,5.0951,0.0352,0.1795
1790343838.144,5.0953,0.0352,0.1796
1790343838.368,5.0954,0.0352,0.1797
1790343838.639,5.0955,0.0352,0.1797
1790343838.863,5.0954,0.0352,0.1797
1790343839.133,5.0954,0.0352,0.1796
1790343839.359,5.0954,0.0352,0.1795
1790343839.673,5.0954,0.0352,0.1795
1790343839.854,5.0955,0.0352,0.1795
1790343840.169,5.0955,0.0352,0.1795
1790343840.349,5.0955,0.0352,0.1796
1790343840.663,5.0955,0.0352,0.1795
1790343840.843,5.0955,0.0352,0.1795
1790343841.159,5.0956,0.0352,0.1794
1790343841.339,5.0956,0.0352,0.1793
1790343841.653,5.0956,0.0352,0.1794
1790343841.833,5.0957,0.0352,0.1794
1790343842.149,5.0956,0.0352,0.1795
1790343842.373,5.0956,0.0352,0.1794
1790343842.643,5.0953,0.0352,0.1795
1790343842.868,5.0950,0.0352,0.1795
1790343843.138,5.0949,0.0352,0.1795
1790343843.363,5.0947,0.0352,0.1796
1790343843.633,5.0946,0.0352,0.1795
1790343843.858,5.0947,0.0352,0.1796
1790343844.173,5.0951,0.0352,0.1796
1790343844.353,5.0951,0.0352,0.1795
1790343844.668,5.0953,0.0352,0.1796
1790343844.849,5.0953,0.0352,0.1795
1790343845.164,5.0948,0.0352,0.1794
1790343845.344,5.0948,0.0352,0.1795
1790343845.658,5.0948,0.0352,0.1795
1790343845.839,5.0948,0.0352,0.1795
1790343846.154,5.0951,0.0352,0.1796
1790343846.333,5.0953,0.0352,0.1795
1790343846.648,5.0953,0.0352,0.1795
1790343846.873,5.0950,0.0352,0.1794
1790343847.144,5.0950,0.0352,0.1793
1790343847.369,5.0950,0.0352,0.1793
1790343847.639,5.0950,0.0352,0.1793
1790343847.863,5.0951,0.0352,0.1794
1790343848.133,5.0951,0.0352,0.1793
1790343848.359,5.0952,0.0352,0.1793
1790343848.673,5.0952,0.0352,0.1793
1790343848.854,5.0953,0.0352,0.1794
1790343849.168,5.0954,0.0352,0.1794
1790343849.348,5.0953,0.0352,0.1794
1790343849.663,5.0955,0.0351,0.1793
1790343849.843,5.0955,0.0352,0.1793
1790343850.158,5.0955,0.0348,0.1774
1790343850.339,5.0956,0.0345,0.1761
1790343850.653,5.0956,0.0341,0.1741
1790343850.833,5.0957,0.0339,0.1727
1790343851.149,5.0958,0.0338,0.1725
1790343851.374,5.0958,0.0338,0.1726
1790343851.644,5.0957,0.0339,0.1727
1790343851.868,5.0956,0.0338,0.1726
1790343852.138,5.0955,0.0338,0.1725
1790343852.365,5.0955,0.0338,0.1725
1790343852.633,5.0955,0.0338,0.1725
1790343852.858,5.0954,0.0338,0.1726
1790343853.173,5.0953,0.0339,0.1727
1790343853.353,5.0951,0.0339,0.1728
1790343853.668,5.0949,0.0338,0.1726
1790343853.848,5.0950,0.0338,0.1726
1790343854.163,5.0950,0.0338,0.1725
1790343854.343,5.0952,0.0338,0.1724
1790343854.658,5.0954,0.0338,0.1724
1790343854.838,5.0954,0.0338,0.1724
1790343855.154,5.0952,0.0338,0.1724
1790343855.333,5.0951,0.0338,0.1724
1790343855.648,5.0951,0.0338,0.1725
1790343855.874,5.0948,0.0338,0.1725
1790343856.143,5.0947,0.0338,0.1724
1790343856.368,5.0947,0.0338,0.1725
1790343856.638,5.0946,0.0338,0.1725
1790343856.863,5.0947,0.0338,0.1726
1790343857.133,5.0949,0.0339,0.1727
1790343857.358,5.0951,0.0339,0.1727
1790343857.674,5.0952,0.0338,0.1726
1790343857.853,5.0955,0.0338,0.1726
1790343858.169,5.0955,0.0338,0.1725
1790343858.348,5.0954,0.0338,0.1724
1790343858.663,5.0954,0.0338,0.1726
1790343858.844,5.0953,0.0338,0.1725
1790343859.159,5.0954,0.0338,0.1724
1790343859.338,5.0955,0.0338,0.1725
1790343859.653,5.0955,0.0338,0.1725
1790343859.833,5.0956,0.0338,0.1725
1790343860.149,5.0956,0.0338,0.1726
1790343860.374,5.0957,0.0338,0.1726
1790343860.644,5.0957,0.0338,0.1726
1790343860.868,5.0956,0.0339,0.1728
1790343861.138,5.0956,0.0339,0.1728
1790343861.364,5.0955,0.0339,0.1729
1790343861.633,5.0955,0.0339,0.1728
1790343861.858,5.0955,0.0339,0.1727
1790343862.173,5.0954,0.0339,0.1727
1790343862.353,5.0954,0.0338,0.1726
1790343862.668,5.0954,0.0338,0.1725
1790343862.848,5.0953,0.0338,0.1725
1790343863.163,5.0952,0.0338,0.1725
1790343863.344,5.0951,0.0338,0.1725
1790343863.658,5.0949,0.0338,0.1725
1790343863.838,5.0948,0.0338,0.1726
1790343864.154,5.0950,0.0338,0.1726
1790343864.333,5.0951,0.0338,0.1726
1790343864.648,5.0953,0.0338,0.1725
1790343864.874,5.0955,0.0338,0.1725
1790343865.143,5.0952,0.0338,0.1724
1790343865.368,5.0951,0.0338,0.1725
1790343865.638,5.0951,0.0338,0.1726
1790343865.863,5.0951,0.0338,0.1726
1790343866.133,5.0953,0.0338,0.1726
1790343866.358,5.0953,0.0338,0.1725
1790343866.763,5.0951,0.0338,0.1724
1790343866.853,5.0950,0.0338,0.1725
1790343867.169,5.0949,0.0338,0.1726
1790343867.348,5.0949,0.0338,0.1726
1790343867.663,5.0950,0.0338,0.1726
1790343867.843,5.0949,0.0338,0.1726
1790343868.158,5.0949,0.0338,0.1725
1790343868.338,5.0949,0.0338,0.1726
1790343868.653,5.0951,0.0338,0.1726
1790343868.834,5.0953,0.0338,0.1726
1790343869.148,5.0955,0.0338,0.1726
1790343869.374,5.0956,0.0338,0.1726
1790343869.643,5.0955,0.0339,0.1727
1790343869.868,5.0955,0.0338,0.1726
1790343870.138,5.0955,0.0339,0.1727
1790343870.363,5.0954,0.0339,0.1727
1790343870.633,5.0954,0.0338,0.1726
1790343870.858,5.0954,0.0338,0.1725
1790343871.174,5.0955,0.0338,0.1724
1790343871.353,5.0956,0.0338,0.1724
1790343871.668,5.0957,0.0338,0.1724
1790343871.848,5.0957,0.0338,0.1724
1790343872.164,5.0957,0.0338,0.1724
1790343872.343,5.0957,0.0338,0.1724
1790343872.658,5.0956,0.0338,0.1724
1790343872.838,5.0953,0.0338,0.1725
1790343873.153,5.0951,0.0338,0.1725
1790343873.333,5.0950,0.0338,0.1724
1790343873.648,5.0947,0.0338,0.1725
1790343873.874,5.0948,0.0338,0.1724
1790343874.143,5.0950,0.0338,0.1724
1790343874.369,5.0950,0.0338,0.1725
1790343874.638,5.0952,0.0338,0.1725
1790343874.863,5.0953,0.0338,0.1726
1790343875.133,5.0949,0.0338,0.1726
1790343875.359,5.0948,0.0338,0.1726
1790343875.673,5.0949,0.0338,0.1726
1790343875.853,5.0949,0.0338,0.1726
1790343876.168,5.0952,0.0338,0.1726
1790343876.393,5.0953,0.0338,0.1726
1790343876.663,5.0950,0.0338,0.1725
1790343876.845,5.0949,0.0338,0.1725
1790343877.158,5.0949,0.0338,0.1725
1790343877.338,5.0950,0.0338,0.1724
1790343877.654,5.0952,0.0338,0.1726
1790343877.833,5.0954,0.0338,0.1726
1790343878.148,5.0953,0.0338,0.1726
1790343878.373,5.0953,0.0338,0.1726
1790343878.643,5.0954,0.0338,0.1724
1790343878.868,5.0954,0.0338,0.1724
1790343879.139,5.0956,0.0338,0.1724
1790343879.364,5.0956,0.0338,0.1724
1790343879.633,5.0955,0.0338,0.1726
1790343879.858,5.0955,0.0338,0.1726
1790343880.174,5.0954,0.0338,0.1726
1790343880.354,5.0954,0.0338,0.1726
1790343880.668,5.0954,0.0338,0.1724
1790343880.849,5.0954,0.0338,0.1724
1790343881.164,5.0953,0.0338,0.1724
1790343881.343,5.0952,0.0338,0.1726
1790343881.658,5.0951,0.0338,0.1726
1790343881.838,5.0953,0.0338,0.1726
1790343882.154,5.0952,0.0338,0.1726
1790343882.333,5.0952,0.0338,0.1726
1790343882.648,5.0951,0.0338,0.1725
1790343882.873,5.0950,0.0338,0.1724
1790343883.143,5.0950,0.0338,0.1724
1790343883.369,5.0949,0.0338,0.1724
1790343883.638,5.0946,0.0338,0.1725
1790343883.863,5.0946,0.0338,0.1726
1790343884.133,5.0948,0.0338,0.1725
1790343884.358,5.0948,0.0338,0.1726
1790343884.673,5.0952,0.0338,0.1724
1790343884.853,5.0953,0.0338,0.1725
1790343885.168,5.0951,0.0338,0.1725
1790343885.348,5.0951,0.0338,0.1724
1790343885.663,5.0950,0.0338,0.1725
1790343885.843,5.0952,0.0338,0.1725
1790343886.158,5.0953,0.0338,0.1726
1790343886.338,5.0953,0.0338,0.1726
1790343886.653,5.0951,0.0338,0.1725
1790343886.834,5.0948,0.0338,0.1726
1790343887.148,5.0950,0.0338,0.1724
1790343887.375,5.0950,0.0338,0.1725
1790343887.645,5.0953,0.0338,0.1724
1790343887.914,5.0953,0.0338,0.1724
1790343888.138,5.0953,0.0338,0.1724
1790343888.364,5.0954,0.0338,0.1724
1790343888.633,5.0953,0.0338,0.1726
1790343888.858,5.0955,0.0338,0.1725
1790343889.175,5.0953,0.0338,0.1724
1790343889.353,5.0953,0.0338,0.1724
1790343889.668,5.0953,0.0338,0.1724
1790343889.848,5.0952,0.0338,0.1725
1790343890.163,5.0953,0.0338,0.1725
1790343890.344,5.0954,0.0338,0.1725
1790343890.658,5.0954,0.0338,0.1725
1790343890.841,5.0953,0.0338,0.1724
1790343891.153,5.0953,0.0338,0.1724
1790343891.334,5.0952,0.0338,0.1724
1790343891.648,5.0951,0.0338,0.1724
1790343891.875,5.0952,0.0338,0.1724
1790343892.145,5.0954,0.0338,0.1724
1790343892.368,5.0955,0.0338,0.1725
1790343892.638,5.0953,0.0338,0.1724
1790343892.863,5.0951,0.0338,0.1725
1790343893.133,5.0948,0.0338,0.1725
1790343893.358,5.0947,0.0338,0.1724
1790343893.674,5.0946,0.0338,0.1725
1790343893.853,5.0946,0.0338,0.1724
1790343894.168,5.0948,0.0338,0.1724
1790343894.349,5.0950,0.0338,0.1725
1790343894.663,5.0952,0.0338,0.1724
1790343894.843,5.0954,0.0338,0.1725
1790343895.159,5.0952,0.0338,0.1725
1790343895.339,5.0951,0.0338,0.1726
1790343895.653,5.0951,0.0339,0.1727
1790343895.834,5.0951,0.0338,0.1726
1790343896.148,5.0953,0.0338,0.1725
1790343896.373,5.0954,0.0338,0.1724
1790343896.643,5.0953,0.0338,0.1724
1790343896.868,5.0952,0.0338,0.1724
1790343897.138,5.0951,0.0338,0.1724
1790343897.364,5.0951,0.0338,0.1724
1790343897.633,5.0952,0.0338,0.1723
1790343897.858,5.0953,0.0338,0.1724
1790343898.174,5.0953,0.0338,0.1724
1790343898.354,5.0953,0.0338,0.1725
1790343898.669,5.0953,0.0338,0.1726
1790343898.849,5.0953,0.0338,0.1726
1790343899.163,5.0955,0.0338,0.1726
1790343899.343,5.0954,0.0338,0.1726
1790343899.658,5.0950,0.0338,0.1725
1790343899.840,5.0948,0.0338,0.1726
1790343900.153,5.0947,0.0339,0.1727
1790343900.333,5.0948,0.0339,0.1727
1790343900.648,5.0950,0.0338,0.1726
1790343900.873,5.0951,0.0338,0.1724
1790343901.143,5.0952,0.0338,0.1725
1790343901.370,5.0952,0.0338,0.1725
1790343901.638,5.0951,0.0338,0.1725
1790343901.863,5.0951,0.0338,0.1726
1790343902.133,5.0952,0.0338,0.1725
1790343902.358,5.0953,0.0338,0.1725
1790343902.673,5.0953,0.0338,0.1725
1790343902.853,5.0952,0.0338,0.1725
1790343903.168,5.0950,0.0338,0.1726
1790343903.349,5.0949,0.0338,0.1725
1790343903.663,5.0946,0.0338,0.1725
1790343903.843,5.0946,0.0338,0.1726
1790343904.161,5.0948,0.0338,0.1726
1790343904.338,5.0948,0.0338,0.1726
1790343904.653,5.0951,0.0338,0.1726
1790343904.833,5.0951,0.0339,0.1727
1790343905.151,5.0950,0.0338,0.1726
1790343905.373,5.0950,0.0338,0.1724
1790343905.643,5.0950,0.0338,0.1724
1790343905.869,5.0950,0.0338,0.1724
1790343906.138,5.0953,0.0338,0.1724
1790343906.363,5.0953,0.0338,0.1725
1790343906.633,5.0951,0.0338,0.1725
1790343906.858,5.0950,0.0338,0.1725
1790343907.173,5.0949,0.0338,0.1725
1790343907.354,5.0949,0.0338,0.1725
1790343907.670,5.0952,0.0338,0.1725
1790343907.848,5.0955,0.0338,0.1726
1790343908.165,5.0954,0.0338,0.1725
1790343908.344,5.0955,0.0338,0.1725
1790343908.658,5.0955,0.0338,0.1726
1790343908.839,5.0954,0.0338,0.1724
1790343909.154,5.0955,0.0338,0.1725
1790343909.333,5.0955,0.0338,0.1724
1790343909.648,5.0953,0.0338,0.1724
1790343909.873,5.0952,0.0338,0.1725
1790343910.143,5.0951,0.0338,0.1726
1790343910.370,5.0951,0.0338,0.1726
1790343910.639,5.0951,0.0338,0.1726
1790343910.863,5.0953,0.0338,0.1724
1790343911.133,5.0953,0.0338,0.1724
1790343911.358,5.0953,0.0338,0.1724
1790343911.673,5.0954,0.0338,0.1724
1790343911.853,5.0953,0.0338,0.1725
1790343912.169,5.0955,0.0338,0.1725
1790343912.348,5.0955,0.0338,0.1726
1790343912.663,5.0954,0.0338,0.1725
1790343912.843,5.0954,0.0338,0.1725
1790343913.158,5.0952,0.0338,0.1724
1790343913.338,5.0950,0.0338,0.1724
1790343913.653,5.0949,0.0338,0.1724
1790343913.833,5.0949,0.0338,0.1724
1790343914.148,5.0950,0.0338,0.1724
1790343914.373,5.0950,0.0338,0.1724
1790343914.643,5.0952,0.0338,0.1725
1790343914.869,5.0951,0.0338,0.1725
1790343915.138,5.0950,0.0338,0.1726
1790343915.364,5.0950,0.0338,0.1726
1790343915.633,5.0949,0.0338,0.1725
1790343915.858,5.0946,0.0338,0.1726
1790343916.173,5.0945,0.0338,0.1725
1790343916.353,5.0944,0.0338,0.1725
1790343916.668,5.0943,0.0338,0.1726
1790343916.849,5.0945,0.0338,0.1726
1790343917.164,5.0948,0.0338,0.1725
1790343917.344,5.0950,0.0338,0.1724
1790343917.658,5.0953,0.0338,0.1723
1790343917.840,5.0953,0.0338,0.1725
1790343918.155,5.0955,0.0338,0.1726
1790343918.333,5.0955,0.0338,0.1726
1790343918.649,5.0954,0.0338,0.1726
1790343918.874,5.0955,0.0338,0.1726
1790343919.145,5.0954,0.0338,0.1726
1790343919.370,5.0953,0.0338,0.1726
1790343919.640,5.0954,0.0338,0.1726
1790343919.864,5.0954,0.0338,0.1726
1790343920.134,5.0955,0.0338,0.1726
1790343920.360,5.0956,0.0338,0.1726
1790343920.674,5.0958,0.0338,0.1725
1790343920.853,5.0958,0.0338,0.1725
1790343921.168,5.0957,0.0338,0.1725
1790343921.350,5.0958,0.0338,0.1725
1790343921.663,5.0955,0.0338,0.1726
1790343921.846,5.0956,0.0338,0.1726
1790343922.159,5.0955,0.0338,0.1726
1790343922.339,5.0954,0.0338,0.1726
1790343922.653,5.0952,0.0338,0.1726
1790343922.833,5.0951,0.0339,0.1727
1790343923.148,5.0949,0.0338,0.1726
1790343923.374,5.0948,0.0338,0.1725
1790343923.644,5.0948,0.0338,0.1726
1790343923.869,5.0949,0.0338,0.1725
1790343924.138,5.0951,0.0338,0.1726
1790343924.364,5.0952,0.0338,0.1726
1790343924.634,5.0954,0.0338,0.1725
1790343924.858,5.0953,0.0338,0.1725
1790343925.174,5.0953,0.0338,0.1724
1790343925.355,5.0953,0.0338,0.1724
1790343925.669,5.0954,0.0338,0.1724
1790343925.848,5.0955,0.0338,0.1724
1790343926.164,5.0957,0.0338,0.1724
1790343926.343,5.0958,0.0338,0.1725
1790343926.658,5.0955,0.0338,0.1725
1790343926.839,5.0953,0.0338,0.1725
1790343927.153,5.0954,0.0338,0.1725
1790343927.334,5.0955,0.0338,0.1726
1790343927.648,5.0958,0.0338,0.1726
1790343927.873,5.0959,0.0338,0.1725
1790343928.144,5.0959,0.0338,0.1726
1790343928.370,5.0958,0.0338,0.1724
1790343928.641,5.0957,0.0338,0.1725
1790343928.866,5.0958,0.0338,0.1726
1790343929.133,5.0957,0.0339,0.1727
1790343929.359,5.0957,0.0339,0.1727
1790343929.675,5.0957,0.0338,0.1726
1790343929.853,5.0957,0.0338,0.1726
1790343930.169,5.0958,0.0338,0.1725
1790343930.350,5.0958,0.0338,0.1725
1790343930.663,5.0958,0.0338,0.1725
1790343930.845,5.0959,0.0338,0.1726
1790343931.159,5.0959,0.0338,0.1724
1790343931.339,5.0958,0.0338,0.1724
1790343931.653,5.0958,0.0338,0.1724
1790343931.833,5.0957,0.0338,0.1724
1790343932.149,5.0957,0.0338,0.1724
1790343932.374,5.0958,0.0338,0.1724
1790343932.643,5.0957,0.0338,0.1724
1790343932.868,5.0955,0.0338,0.1724
1790343933.138,5.0954,0.0338,0.1725
1790343933.364,5.0953,0.0338,0.1725
1790343933.633,5.0951,0.0338,0.1726
1790343933.858,5.0952,0.0338,0.1726
1790343934.174,5.0953,0.0338,0.1726
1790343934.354,5.0953,0.0338,0.1726
1790343934.668,5.0957,0.0338,0.1726
1790343934.848,5.0956,0.0338,0.1726
1790343935.165,5.0953,0.0338,0.1726
1790343935.343,5.0954,0.0338,0.1725
1790343935.658,5.0952,0.0338,0.1724
1790343935.838,5.0953,0.0338,0.1724
1790343936.156,5.0956,0.0338,0.1724
1790343936.333,5.0956,0.0338,0.1724
1790343936.649,5.0955,0.0338,0.1724
1790343936.873,5.0954,0.0338,0.1724
1790343937.144,5.0955,0.0338,0.1725
1790343937.368,5.0955,0.0338,0.1726
1790343937.638,5.0956,0.0338,0.1726
1790343937.865,5.0958,0.0338,0.1726
1790343938.134,5.0957,0.0338,0.1725
1790343938.359,5.0957,0.0338,0.1725
1790343938.675,5.0959,0.0338,0.1725
1790343938.853,5.0959,0.0338,0.1724
1790343939.169,5.0959,0.0338,0.1725
1790343939.349,5.0959,0.0338,0.1725
1790343939.665,5.0959,0.0338,0.1725
1790343939.844,5.0959,0.0338,0.1726
1790343940.159,5.0958,0.0338,0.1726
1790343940.339,5.0958,0.0338,0.1726
1790343940.653,5.0958,0.0338,0.1726
1790343940.833,5.0958,0.0338,0.1725
1790343941.149,5.0959,0.0338,0.1726
1790343941.374,5.0959,0.0338,0.1725
1790343941.645,5.0959,0.0338,0.1726
1790343941.869,5.0959,0.0338,0.1725
1790343942.275,5.0959,0.0338,0.1724
1790343942.364,5.0960,0.0338,0.1725
1790343942.634,5.0957,0.0338,0.1724
1790343942.858,5.0957,0.0338,0.1725
1790343943.173,5.0955,0.0338,0.1726
1790343943.354,5.0953,0.0338,0.1726
1790343943.669,5.0952,0.0338,0.1726
1790343943.849,5.0952,0.0338,0.1726
1790343944.164,5.0955,0.0338,0.1725
1790343944.344,5.0955,0.0338,0.1724
1790343944.658,5.0957,0.0338,0.1724
1790343944.839,5.0956,0.0338,0.1724
1790343945.156,5.0952,0.0338,0.1724
1790343945.336,5.0952,0.0338,0.1724
1790343945.649,5.0952,0.0338,0.1724
1790343945.874,5.0952,0.0338,0.1724
1790343946.145,5.0955,0.0338,0.1723
1790343946.369,5.0956,0.0338,0.1724
1790343946.639,5.0954,0.0338,0.1724
1790343946.865,5.0953,0.0338,0.1724
1790343947.135,5.0955,0.0338,0.1725
1790343947.360,5.0955,0.0338,0.1725
1790343947.674,5.0956,0.0338,0.1726
1790343947.854,5.0959,0.0338,0.1727
1790343948.170,5.0957,0.0339,0.1727
1790343948.350,5.0956,0.0339,0.1728
1790343948.664,5.0957,0.0339,0.1727
1790343948.844,5.0956,0.0338,0.1726
1790343949.159,5.0957,0.0338,0.1726
1790343949.339,5.0958,0.0338,0.1726
1790343949.654,5.0957,0.0338,0.1725
1790343949.835,5.0956,0.0338,0.1725
1790343950.149,5.0956,0.0338,0.1725
1790343950.374,5.0957,0.0338,0.1724
1790343950.644,5.0957,0.0338,0.1724
1790343950.869,5.0957,0.0338,0.1725
1790343951.139,5.0959,0.0338,0.1725
1790343951.365,5.0959,0.0338,0.1726
1790343951.634,5.0959,0.0338,0.1727
1790343951.860,5.0959,0.0338,0.1726
1790343952.175,5.0959,0.0338,0.1724
1790343952.354,5.0959,0.0338,0.1724
1790343952.669,5.0958,0.0338,0.1726
1790343952.849,5.0957,0.0338,0.1726
1790343953.164,5.0954,0.0338,0.1726
1790343953.344,5.0953,0.0338,0.1725
1790343953.660,5.0952,0.0338,0.1723
1790343953.840,5.0953,0.0338,0.1723
1790343954.155,5.0954,0.0338,0.1723
1790343954.334,5.0953,0.0338,0.1724
1790343954.649,5.0957,0.0338,0.1724
1790343954.874,5.0957,0.0338,0.1724
1790343955.145,5.0955,0.0338,0.1724
1790343955.370,5.0954,0.0338,0.1724
1790343955.639,5.0953,0.0338,0.1726
1790343955.864,5.0954,0.0338,0.1726
1790343956.135,5.0957,0.0338,0.1725
1790343956.359,5.0958,0.0338,0.1725
1790343956.675,5.0955,0.0338,0.1724
1790343956.854,5.0953,0.0338,0.1725
1790343957.169,5.0952,0.0338,0.1724
1790343957.349,5.0953,0.0338,0.1725
1790343957.664,5.0955,0.0338,0.1725
1790343957.844,5.0956,0.0338,0.1724
1790343958.159,5.0958,0.0338,0.1725
1790343958.340,5.0957,0.0338,0.1726
1790343958.654,5.0958,0.0339,0.1727
1790343958.834,5.0958,0.0338,0.1726
1790343959.150,5.0957,0.0338,0.1726
1790343959.374,5.0958,0.0338,0.1726
1790343959.644,5.0957,0.0338,0.1726
1790343959.869,5.0957,0.0338,0.1726
1790343960.140,5.0958,0.0338,0.1725
1790343960.364,5.0959,0.0338,0.1725
1790343960.635,5.0959,0.0338,0.1725
1790343960.859,5.0960,0.0338,0.1724
1790343961.174,5.0958,0.0338,0.1724
1790343961.355,5.0958,0.0338,0.1724
1790343961.670,5.0958,0.0338,0.1725
1790343961.849,5.0957,0.0338,0.1725
1790343962.165,5.0957,0.0338,0.1725
1790343962.344,5.0956,0.0338,0.1724
1790343962.659,5.0955,0.0338,0.1725
1790343962.839,5.0952,0.0338,0.1724
1790343963.154,5.0952,0.0338,0.1726
1790343963.334,5.0951,0.0338,0.1726
1790343963.649,5.0949,0.0338,0.1726
1790343963.874,5.0951,0.0338,0.1726
1790343964.145,5.0953,0.0338,0.1726
1790343964.370,5.0953,0.0338,0.1726
1790343964.639,5.0957,0.0338,0.1725
1790343964.864,5.0956,0.0338,0.1725
1790343965.135,5.0953,0.0338,0.1725
1790343965.359,5.0953,0.0338,0.1725
1790343965.675,5.0953,0.0338,0.1725
1790343965.854,5.0953,0.0338,0.1724
1790343966.169,5.0957,0.0338,0.1724
1790343966.350,5.0959,0.0338,0.1727
1790343966.664,5.0958,0.0338,0.1726
1790343966.844,5.0956,0.0338,0.1726
1790343967.159,5.0955,0.0338,0.1725
1790343967.340,5.0954,0.0338,0.1723
1790343967.654,5.0955,0.0338,0.1724
1790343967.834,5.0957,0.0338,0.1725
1790343968.149,5.0958,0.0338,0.1726
1790343968.374,5.0958,0.0339,0.1727
1790343968.644,5.0958,0.0338,0.1725
1790343968.870,5.0958,0.0338,0.1725
1790343969.139,5.0957,0.0338,0.1724
1790343969.365,5.0958,0.0338,0.1723
1790343969.634,5.0958,0.0338,0.1723
1790343969.859,5.0959,0.0338,0.1724
1790343970.174,5.0960,0.0338,0.1724
1790343970.354,5.0959,0.0338,0.1725
1790343970.670,5.0960,0.0338,0.1726
1790343970.849,5.0960,0.0338,0.1725
1790343971.164,5.0960,0.0338,0.1726
1790343971.344,5.0961,0.0338,0.1725
1790343971.660,5.0960,0.0338,0.1725
1790343971.839,5.0960,0.0338,0.1725
1790343972.155,5.0960,0.0338,0.1724
1790343972.335,5.0959,0.0338,0.1724
1790343972.649,5.0957,0.0338,0.1724
1790343972.875,5.0956,0.0338,0.1724
1790343973.144,5.0955,0.0338,0.1724
1790343973.370,5.0955,0.0338,0.1724
1790343973.639,5.0952,0.0338,0.1724
1790343973.864,5.0953,0.0338,0.1724
1790343974.134,5.0953,0.0338,0.1724
1790343974.359,5.0954,0.0338,0.1724
1790343974.674,5.0959,0.0338,0.1726
1790343974.854,5.0959,0.0338,0.1727
1790343975.170,5.0956,0.0338,0.1726
1790343975.350,5.0955,0.0338,0.1726
1790343975.664,5.0956,0.0338,0.1726
1790343975.844,5.0956,0.0338,0.1726
1790343976.159,5.0959,0.0338,0.1725
1790343976.339,5.0960,0.0338,0.1727
1790343976.654,5.0958,0.0338,0.1726
1790343976.834,5.0956,0.0338,0.1724
1790343977.150,5.0957,0.0338,0.1724
1790343977.374,5.0956,0.0338,0.1724
1790343977.645,5.0957,0.0338,0.1723
1790343977.869,5.0958,0.0338,0.1723
1790343978.139,5.0958,0.0338,0.1724
1790343978.364,5.0958,0.0338,0.1724
1790343978.634,5.0957,0.0338,0.1724
1790343978.860,5.0958,0.0338,0.1724
1790343979.174,5.0959,0.0338,0.1724
1790343979.354,5.0959,0.0338,0.1725
1790343979.669,5.0959,0.0338,0.1727
1790343979.849,5.0959,0.0338,0.1727
1790343980.164,5.0959,0.0338,0.1726
1790343980.344,5.0959,0.0338,0.1724
1790343980.659,5.0960,0.0338,0.1723
1790343980.839,5.0960,0.0338,0.1725
1790343981.155,5.0960,0.0338,0.1724
1790343981.335,5.0960,0.0338,0.1725
1790343981.649,5.0961,0.0338,0.1725
1790343981.875,5.0960,0.0338,0.1725
1790343982.144,5.0960,0.0338,0.1725
1790343982.370,5.0960,0.0338,0.1725
1790343982.639,5.0959,0.0338,0.1724
1790343982.864,5.0959,0.0338,0.1724
1790343983.135,5.0955,0.0338,0.1724
1790343983.359,5.0952,0.0338,0.1724
1790343983.675,5.0950,0.0338,0.1724
1790343983.854,5.0951,0.0338,0.1725
1790343984.169,5.0954,0.0338,0.1725
1790343984.350,5.0956,0.0338,0.1726
1790343984.664,5.0959,0.0338,0.1727
1790343984.845,5.0957,0.0338,0.1725
1790343985.160,5.0955,0.0338,0.1726
1790343985.339,5.0954,0.0338,0.1725
1790343985.654,5.0953,0.0338,0.1724
1790343985.834,5.0955,0.0338,0.1725
1790343986.149,5.0959,0.0338,0.1724
1790343986.374,5.0960,0.0338,0.1726
1790343986.644,5.0959,0.0338,0.1725
1790343986.869,5.0957,0.0338,0.1726
1790343987.139,5.0955,0.0338,0.1726
1790343987.365,5.0955,0.0338,0.1726
1790343987.634,5.0956,0.0338,0.1726
1790343987.859,5.0957,0.0338,0.1725
1790343988.174,5.0959,0.0338,0.1724
1790343988.355,5.0959,0.0338,0.1724
1790343988.670,5.0960,0.0338,0.1723
1790343988.849,5.0960,0.0338,0.1723
1790343989.165,5.0960,0.0338,0.1725
1790343989.344,5.0959,0.0338,0.1724
1790343989.659,5.0960,0.0338,0.1724
1790343989.842,5.0959,0.0338,0.1724
1790343990.154,5.0960,0.0338,0.1724
1790343990.335,5.0960,0.0338,0.1723
1790343990.649,5.0957,0.0338,0.1724
1790343990.875,5.0950,0.0338,0.1724
1790343991.145,5.0934,0.0002,0.0012
1790343991.370,5.0936,0.0002,0.0012
1790343991.639,5.0940,0.0002,0.0012
1790343991.864,5.0953,0.0100,0.0509
1790343992.135,5.0975,0.0000,0.0004
1790343992.359,5.0979,0.0000,0.0000
1790343992.674,5.0983,0.0000,0.0001
1790343992.854,5.0980,0.0000,0.0000
1790343993.169,5.0979,0.0000,0.0000
1790343993.349,5.0977,0.0000,0.0000
1790343993.665,5.0976,0.0000,0.0001
1790343993.844,5.0978,0.0000,0.0000
1790343994.159,5.0980,0.0000,0.0000
1790343994.340,5.0980,0.0000,0.0001
1790343994.654,5.0983,0.0000,0.0001
1790343994.834,5.0982,0.0000,0.0001
1790343995.149,5.0982,0.0000,0.0000
1790343995.374,5.0981,0.0000,0.0000
1790343995.644,5.0980,0.0000,0.0000
1790343995.870,5.0981,0.0000,0.0001
1790343996.140,5.0982,0.0000,0.0001
1790343996.364,5.0983,0.0000,0.0000
1790343996.636,5.0981,0.0000,0.0000
1790343996.860,5.0980,0.0000,0.0000
1790343997.174,5.0978,0.0000,0.0000
1790343997.355,5.0978,0.0000,0.0000
1790343997.670,5.0981,0.0000,0.0000
1790343997.849,5.0982,0.0000,0.0000
1790343998.165,5.0983,0.0000,0.0000
1790343998.345,5.0984,0.0000,0.0000
1790343998.659,5.0983,0.0000,0.0000
1790343998.839,5.0984,0.0000,0.0000
1790343999.154,5.0984,0.0000,0.0000
1790343999.335,5.0984,0.0000,0.0000
1790343999.649,5.0984,0.0000,0.0000
1790343999.875,5.0984,0.0000,0.0001
1790344000.145,5.0985,0.0000,0.0000
1790344000.370,5.0985,0.0000,0.0001
1790344000.639,5.0986,0.0000,0.0001
1790344000.864,5.0987,0.0000,0.0000
1790344001.135,5.0986,0.0000,0.0000
1790344001.359,5.0986,0.0000,0.0000
1790344001.675,5.0984,0.0000,0.0000
1790344001.855,5.0984,0.0000,0.0000
1790344002.170,5.0984,0.0000,0.0000
1790344002.349,5.0984,0.0000,0.0000
1790344002.664,5.0983,0.0000,0.0001
1790344002.844,5.0982,0.0000,0.0001
1790344003.159,5.0980,0.0000,0.0001
1790344003.339,5.0978,0.0000,0.0001
1790344003.654,5.0976,0.0000,0.0001
1790344003.834,5.0977,0.0000,0.0001
1790344004.149,5.0979,0.0000,0.0001
1790344004.374,5.0979,0.0000,0.0001
1790344004.644,5.0982,0.0000,0.0001
1790344004.870,5.0982,0.0000,0.0001
1790344005.139,5.0978,0.0000,0.0000
1790344005.364,5.0978,0.0000,0.0001
1790344005.635,5.0978,0.0000,0.0000
1790344005.859,5.0978,0.0000,0.0000
1790344006.174,5.0982,0.0000,0.0000
1790344006.354,5.0983,0.0000,0.0001
1790344006.670,5.0982,0.0000,0.0001
1790344006.849,5.0980,0.0000,0.0001
1790344007.164,5.0980,0.0000,0.0000
1790344007.345,5.0979,0.0000,0.0000
1790344007.660,5.0982,0.0000,0.0000
1790344007.839,5.0984,0.0000,0.0000
1790344008.154,5.0984,0.0000,0.0001
1790344008.334,5.0984,0.0000,0.0001
1790344008.649,5.0983,0.0000,0.0002
1790344008.874,5.0982,0.0000,0.0003
1790344009.145,5.0983,0.0000,0.0002
1790344009.369,5.0983,0.0000,0.0002
1790344009.639,5.0983,0.0000,0.0000
1790344009.865,5.0983,0.0000,0.0000
1790344010.135,5.0983,0.0000,0.0000
1790344010.359,5.0984,0.0000,0.0000
1790344010.674,5.0984,0.0000,0.0000
1790344010.855,5.0983,0.0000,0.0000
1790344011.172,5.0983,0.0000,0.0000
1790344011.349,5.0982,0.0000,0.0000
1790344011.665,5.0982,0.0000,0.0000
1790344011.844,5.0983,0.0000,0.0000
1790344012.160,5.0984,0.0000,0.0000
1790344012.339,5.0984,0.0000,0.0000
1790344012.654,5.0984,0.0000,0.0000
1790344012.834,5.0982,0.0000,0.0001
1790344013.149,5.0979,0.0000,0.0001
1790344013.374,5.0978,0.0000,0.0002
1790344013.644,5.0975,0.0000,0.0002
1790344013.870,5.0977,0.0000,0.0001
1790344014.139,5.0979,0.0000,0.0001
1790344014.364,5.0981,0.0000,0.0000
1790344014.635,5.0983,0.0000,0.0000
1790344014.859,5.0981,0.0000,0.0000
1790344015.174,5.0978,0.0000,0.0000
1790344015.355,5.0977,0.0000,0.0000
1790344015.670,5.0978,0.0000,0.0000
1790344015.849,5.0980,0.0000,0.0000
1790344016.165,5.0982,0.0000,0.0000
1790344016.344,5.0982,0.0000,0.0000
1790344016.659,5.0980,0.0000,0.0000
1790344016.839,5.0977,0.0000,0.0000
1790344017.155,5.0978,0.0000,0.0000
1790344017.335,5.0980,0.0000,0.0001
1790344017.649,5.0982,0.0000,0.0001
1790344017.875,5.0983,0.0000,0.0001
1790344018.145,5.0983,0.0000,0.0000
1790344018.369,5.0982,0.0000,0.0000
1790344018.640,5.0983,0.0000,0.0000
1790344018.865,5.0984,0.0000,0.0001
1790344019.135,5.0985,0.0000,0.0000
1790344019.359,5.0985,0.0000,0.0001
1790344019.854,5.0984,0.0000,0.0001
1790344019.856,5.0983,0.0000,0.0001
1790344020.169,5.0983,0.0000,0.0002
1790344020.349,5.0983,0.0000,0.0001
1790344020.664,5.0983,0.0000,0.0000
1790344020.844,5.0983,0.0000,0.0000
1790344021.159,5.0984,0.0000,0.0000
1790344021.339,5.0984,0.0000,0.0001
1790344021.654,5.0984,0.0000,0.0001
1790344021.835,5.0984,0.0000,0.0001
1790344022.150,5.0985,0.0000,0.0000
1790344022.374,5.0985,0.0000,0.0000
1790344022.644,5.0983,0.0000,0.0001
1790344022.869,5.0982,0.0000,0.0001
1790344023.139,5.0980,0.0000,0.0000
1790344023.365,5.0978,0.0000,0.0001
1790344023.634,5.0977,0.0000,0.0001
1790344023.859,5.0978,0.0000,0.0002
1790344024.174,5.0980,0.0000,0.0001
1790344024.354,5.0980,0.0000,0.0001
1790344024.670,5.0984,0.0000,0.0000
1790344024.849,5.0985,0.0000,0.0000
1790344025.164,5.0980,0.0000,0.0000
1790344025.345,5.0980,0.0000,0.0001
1790344025.660,5.0978,0.0000,0.0000
1790344025.839,5.0978,0.0000,0.0000
1790344026.154,5.0980,0.0000,0.0001
1790344026.336,5.0981,0.0000,0.0001
1790344026.649,5.0980,0.0000,0.0000
1790344026.874,5.0978,0.0000,0.0000
1790344027.145,5.0980,0.0000,0.0000
1790344027.369,5.0979,0.0000,0.0000
1790344027.639,5.0980,0.0000,0.0000
1790344027.865,5.0981,0.0000,0.0000
1790344028.135,5.0982,0.0000,0.0000
1790344028.359,5.0981,0.0000,0.0000
1790344028.675,5.0982,0.0000,0.0000
1790344028.855,5.0983,0.0000,0.0000
1790344029.169,5.0983,0.0000,0.0001
1790344029.350,5.0984,0.0000,0.0001
1790344029.665,5.0984,0.0000,0.0000
1790344029.844,5.0983,0.0000,0.0000
1790344030.160,5.0983,0.0000,0.0001
1790344030.339,5.0983,0.0000,0.0001
1790344030.655,5.0983,0.0000,0.0002
1790344030.834,5.0983,0.0000,0.0002
1790344031.149,5.0984,0.0000,0.0001
1790344031.374,5.0985,0.0000,0.0000
1790344031.644,5.0984,0.0000,0.0000
1790344031.870,5.0984,0.0000,0.0000
1790344032.140,5.0984,0.0000,0.0000
1790344032.365,5.0983,0.0000,0.0000
1790344032.634,5.0983,0.0000,0.0001
1790344032.859,5.0981,0.0000,0.0001
1790344033.174,5.0979,0.0000,0.0001
1790344033.355,5.0978,0.0000,0.0001
1790344033.670,5.0975,0.0000,0.0000
1790344033.849,5.0975,0.0000,0.0000
1790344034.165,5.0978,0.0000,0.0000
1790344034.345,5.0978,0.0000,0.0000
1790344034.659,5.0981,0.0000,0.0000
1790344034.839,5.0983,0.0000,0.0001
1790344035.155,5.0980,0.0000,0.0001
1790344035.335,5.0979,0.0000,0.0001
1790344035.649,5.0980,0.0000,0.0000
1790344035.875,5.0978,0.0000,0.0000
1790344036.146,5.0982,0.0000,0.0000
1790344036.369,5.0985,0.0000,0.0000
1790344036.639,5.0982,0.0000,0.0001
1790344036.864,5.0981,0.0000,0.0000
1790344037.134,5.0979,0.0000,0.0001
1790344037.360,5.0977,0.0000,0.0001
1790344037.675,5.0978,0.0000,0.0000
1790344037.854,5.0977,0.0000,0.0001
1790344038.169,5.0973,0.1216,0.6201
1790344038.350,5.0788,0.1114,0.5661
1790344038.664,5.0871,0.1239,0.6303
1790344038.844,5.0854,0.0685,0.3485
1790344039.159,5.0835,0.1043,0.5306
1790344039.339,5.0849,0.1042,0.5301
1790344039.655,5.0898,0.0950,0.4835
1790344039.835,5.0905,0.0603,0.3071
1790344040.149,5.0907,0.0886,0.4512
1790344040.374,5.0912,0.0837,0.4261
1790344040.644,5.0914,0.0820,0.4179
1790344040.872,5.0915,0.1176,0.5992
1790344041.140,5.0899,0.1176,0.5990
1790344041.365,5.0891,0.1685,0.8579
1790344041.635,5.0866,0.1693,0.8613
1790344041.859,5.0851,0.1777,0.9040
1790344042.174,5.0844,0.1566,0.7963
1790344042.355,5.0840,0.1622,0.8248
1790344042.669,5.0842,0.1614,0.8205
1790344042.849,5.0841,0.1607,0.8172
1790344043.164,5.0839,0.1623,0.8252
1790344043.346,5.0835,0.1651,0.8394
1790344043.662,5.0829,0.1651,0.8394
1790344043.839,5.0829,0.1651,0.8393
1790344044.154,5.0828,0.1122,0.5704
1790344044.334,5.0836,0.1124,0.5718
1790344044.649,5.0853,0.1857,0.9444
1790344044.875,5.0850,0.1859,0.9456
1790344045.146,5.0847,0.2142,1.0895
1790344045.369,5.0840,0.2199,1.1184
1790344045.639,5.0824,0.1921,0.9767
1790344045.864,5.0825,0.1805,0.9178
1790344046.135,5.0827,0.1688,0.8581
1790344046.359,5.0826,0.1888,0.9600
1790344046.674,5.0824,0.1892,0.9620
1790344046.854,5.0822,0.1908,0.9698
1790344047.169,5.0822,0.2055,1.0448
1790344047.350,5.0820,0.1943,0.9875
1790344047.664,5.0821,0.1837,0.9337
1790344047.844,5.0821,0.1822,0.9262
1790344048.159,5.0821,0.1977,1.0050
1790344048.339,5.0821,0.1874,0.9527
1790344048.654,5.0819,0.2468,1.2542
1790344048.834,5.0819,0.2003,1.0183
1790344049.195,5.0817,0.2031,1.0323
1790344049.329,5.0816,0.2037,1.0351
1790344049.644,5.0815,0.2039,1.0365
1790344049.825,5.0815,0.2033,1.0331
1790344050.140,5.0816,0.2035,1.0342
1790344050.366,5.0818,0.1894,0.9627
1790344050.634,5.0820,0.1852,0.9413
1790344050.860,5.0818,0.2012,1.0228
1790344051.129,5.0818,0.2155,1.0952
1790344051.354,5.0818,0.1892,0.9614
1790344051.624,5.0816,0.1874,0.9526
1790344051.849,5.0818,0.1879,0.9551
1790344052.164,5.0822,0.1839,0.9350
1790344052.345,5.0824,0.1933,0.9826
1790344052.659,5.0825,0.2050,1.0423
1790344052.839,5.0822,0.2363,1.2013
1790344053.154,5.0819,0.1946,0.9891
1790344053.334,5.0817,0.2358,1.1986
1790344053.650,5.0812,0.1869,0.9500
1790344053.830,5.0814,0.2113,1.0737
1790344054.145,5.0813,0.2150,1.0926
1790344054.324,5.0813,0.1869,0.9500
1790344054.639,5.0815,0.1844,0.9374
1790344054.864,5.0817,0.1991,1.0119
1790344055.134,5.0817,0.1986,1.0093
1790344055.359,5.0815,0.1993,1.0131
1790344055.629,5.0813,0.1877,0.9538
1790344055.854,5.0809,0.1909,0.9701
1790344056.124,5.0809,0.1992,1.0123
1790344056.349,5.0811,0.1977,1.0047
1790344056.664,5.0812,0.1948,0.9902
1790344056.844,5.0813,0.1967,0.9998
1790344057.159,5.0814,0.2105,1.0699
1790344057.339,5.0812,0.2027,1.0302
1790344057.654,5.0809,0.2070,1.0519
1790344057.834,5.0808,0.2080,1.0570
1790344058.149,5.0808,0.2077,1.0556
1790344058.329,5.0810,0.2064,1.0487
1790344058.644,5.0813,0.1879,0.9550
1790344058.825,5.0815,0.2012,1.0225
1790344059.139,5.0817,0.1987,1.0101
1790344059.364,5.0817,0.1872,0.9514
1790344059.634,5.0820,0.1951,0.9915
1790344059.859,5.0820,0.1945,0.9888
1790344060.129,5.0822,0.1930,0.9810
1790344060.354,5.0822,0.2279,1.1584
1790344060.624,5.0818,0.2115,1.0750
1790344060.849,5.0817,0.2175,1.1053
1790344061.164,5.0814,0.2510,1.2755
1790344061.344,5.0812,0.2599,1.3209
1790344061.660,5.0809,0.2104,1.0694
1790344061.839,5.0807,0.2021,1.0268
1790344062.155,5.0807,0.2137,1.0860
1790344062.335,5.0808,0.1767,0.8982
1790344062.649,5.0813,0.2030,1.0316
1790344062.829,5.0814,0.2007,1.0202
1790344063.144,5.0815,0.2555,1.2983
1790344063.324,5.0814,0.1981,1.0070
1790344063.639,5.0808,0.2052,1.0425
1790344063.864,5.0805,0.1921,0.9763
1790344064.134,5.0805,0.1921,0.9763
1790344064.360,5.0806,0.2066,1.0497
1790344064.630,5.0810,0.2135,1.0850
1790344064.854,5.0812,0.2017,1.0248
1790344065.125,5.0809,0.1869,0.9499
1790344065.350,5.0808,0.1879,0.9549
1790344065.664,5.0808,0.1936,0.9840
1790344065.844,5.0809,0.1914,0.9726
1790344066.160,5.0817,0.2478,1.2592
1790344066.339,5.0817,0.1988,1.0102
1790344066.654,5.0811,0.2037,1.0352
1790344066.834,5.0809,0.1877,0.9537
1790344067.149,5.0807,0.2041,1.0372
1790344067.329,5.0807,0.2043,1.0379
1790344067.645,5.0809,0.2040,1.0368
1790344067.825,5.0811,0.2202,1.1190
1790344068.139,5.0810,0.1852,0.9411
1790344068.366,5.0812,0.2074,1.0538
1790344068.634,5.0813,0.2057,1.0452
1790344068.859,5.0813,0.2040,1.0369
1790344069.130,5.0815,0.2010,1.0218
1790344069.354,5.0813,0.2017,1.0252
1790344069.626,5.0817,0.1981,1.0068
1790344069.850,5.0817,0.1986,1.0096
1790344070.164,5.0815,0.2019,1.0263
1790344070.344,5.0815,0.2022,1.0279
1790344070.659,5.0813,0.2214,1.1254
1790344070.839,5.0813,0.2276,1.1569
1790344071.155,5.0813,0.2017,1.0251
1790344071.334,5.0814,0.2127,1.0812
1790344071.650,5.0813,0.2020,1.0265
1790344071.831,5.0814,0.2020,1.0265
1790344072.145,5.0814,0.2172,1.1039
1790344072.325,5.0813,0.2052,1.0427
1790344072.639,5.0814,0.1924,0.9778
1790344072.864,5.0812,0.2040,1.0370
1790344073.134,5.0813,0.2014,1.0234
1790344073.359,5.0812,0.2167,1.1014
1790344073.629,5.0809,0.2199,1.1177
1790344073.854,5.0809,0.2026,1.0297
1790344074.125,5.0813,0.1916,0.9740
1790344074.351,5.0813,0.2306,1.1721
1790344074.664,5.0816,0.2403,1.2213
1790344074.844,5.0815,0.2017,1.0254
1790344075.159,5.0814,0.2016,1.0245
1790344075.340,5.0811,0.2036,1.0346
1790344075.655,5.0813,0.1997,1.0150
1790344075.834,5.0817,0.2070,1.0523
1790344076.150,5.0818,0.2125,1.0800
1790344076.331,5.0818,0.2103,1.0687
1790344076.644,5.0811,0.1879,0.9550
1790344076.824,5.0808,0.1906,0.9688
1790344077.141,5.0808,0.2055,1.0444
1790344077.364,5.0810,0.2031,1.0320
1790344077.634,5.0817,0.1968,1.0002
1790344077.860,5.0820,0.1963,0.9975
1790344078.130,5.0822,0.1947,0.9897
1790344078.355,5.0823,0.1935,0.9835
1790344078.625,5.0825,0.1923,0.9777
1790344078.849,5.0825,0.1916,0.9742
1790344079.164,5.0825,0.1922,0.9772
1790344079.344,5.0823,0.1946,0.9890
1790344079.660,5.0819,0.1984,1.0084
1790344079.839,5.0817,0.2262,1.1494
1790344080.155,5.0814,0.2043,1.0384
1790344080.337,5.0813,0.2041,1.0374
1790344080.651,5.0813,0.2032,1.0325
1790344080.829,5.0815,0.1879,0.9551
1790344081.145,5.0818,0.1963,0.9977
1790344081.326,5.0820,0.1941,0.9868
1790344081.639,5.0824,0.1912,0.9718
1790344081.865,5.0824,0.1915,0.9733
1790344082.137,5.0825,0.2095,1.0650
1790344082.360,5.0823,0.1930,0.9810
1790344082.630,5.0820,0.1954,0.9932
1790344082.854,5.0819,0.2219,1.1280
1790344083.124,5.0816,0.1965,0.9985
1790344083.349,5.0815,0.1959,0.9957
1790344083.666,5.0814,0.1943,0.9877
1790344083.844,5.0814,0.1947,0.9895
1790344084.160,5.0818,0.1926,0.9792
1790344084.339,5.0818,0.1925,0.9785
1790344084.654,5.0819,0.1937,0.9847
1790344084.834,5.0817,0.2055,1.0447
1790344085.149,5.0814,0.1981,1.0068
1790344085.330,5.0812,0.2003,1.0181
1790344085.644,5.0812,0.2007,1.0198
1790344085.826,5.0815,0.1992,1.0122
1790344086.140,5.0816,0.1984,1.0081
1790344086.364,5.0815,0.1986,1.0094
1790344086.634,5.0812,0.1996,1.0145
1790344086.860,5.0809,0.1854,0.9424
1790344087.130,5.0807,0.2048,1.0408
1790344087.355,5.0808,0.1884,0.9575
1790344087.626,5.0810,0.1877,0.9537
1790344087.850,5.0813,0.2037,1.0352
1790344088.164,5.0815,0.2507,1.2743
1790344088.346,5.0815,0.2034,1.0338
1790344088.661,5.0815,0.1849,0.9399
1790344088.839,5.0815,0.2031,1.0320
1790344089.154,5.0815,0.2028,1.0306
1790344089.336,5.0815,0.2027,1.0303
1790344089.650,5.0815,0.2142,1.0888
1790344089.829,5.0814,0.1894,0.9626
1790344090.145,5.0815,0.2002,1.0177
1790344090.324,5.0818,0.1973,1.0026
1790344090.639,5.0822,0.1941,0.9866
1790344090.864,5.0823,0.1927,0.9797
1790344091.135,5.0824,0.1918,0.9749
1790344091.360,5.0823,0.1918,0.9749
1790344091.629,5.0824,0.1918,0.9748
1790344091.854,5.0823,0.1917,0.9743
1790344092.125,5.0824,0.1910,0.9711
1790344092.351,5.0824,0.1910,0.9711
1790344092.665,5.0824,0.1909,0.9706
1790344092.844,5.0823,0.1910,0.9710
1790344093.160,5.0818,0.1913,0.9725
1790344093.340,5.0817,0.1914,0.9728
1790344093.654,5.0815,0.1918,0.9746
1790344093.834,5.0815,0.1919,0.9751
1790344094.150,5.0819,0.1918,0.9751
1790344094.330,5.0819,0.1919,0.9754
1790344094.644,5.0822,0.1918,0.9751
1790344094.826,5.0821,0.1918,0.9749
1790344095.139,5.0819,0.1916,0.9737
1790344095.365,5.0819,0.1917,0.9743
1790344095.634,5.0820,0.1917,0.9742
1790344095.859,5.0821,0.1915,0.9736
1790344096.130,5.0822,0.1918,0.9748
1790344096.354,5.0823,0.1919,0.9757
1790344096.625,5.0822,0.1920,0.9758
1790344096.849,5.0820,0.1925,0.9784
1790344097.165,5.0819,0.1930,0.9811
1790344097.344,5.0818,0.1931,0.9814
1790344097.660,5.0818,0.1935,0.9834
1790344097.974,5.0819,0.1939,0.9854
1790344098.156,5.0821,0.1931,0.9817
1790344098.335,5.0821,0.1932,0.9818
1790344098.649,5.0821,0.1921,0.9764
1790344098.829,5.0821,0.1913,0.9726
1790344099.144,5.0821,0.1913,0.9724
1790344099.326,5.0822,0.1910,0.9711
1790344099.639,5.0822,0.1912,0.9720
1790344099.866,5.0821,0.1911,0.9713
1790344100.134,5.0822,0.2088,1.0612
1790344100.360,5.0822,0.1922,0.9768
1790344100.629,5.0821,0.1927,0.9796
1790344100.856,5.0822,0.1934,0.9832
1790344101.125,5.0820,0.1949,0.9908
1790344101.350,5.0820,0.1948,0.9900
1790344101.665,5.0820,0.1952,0.9923
1790344101.844,5.0821,0.2202,1.1192
1790344102.159,5.0821,0.2065,1.0498
1790344102.339,5.0820,0.1955,0.9935
1790344102.654,5.0816,0.2098,1.0661
1790344102.836,5.0814,0.2008,1.0206
1790344103.149,5.0810,0.2028,1.0305
1790344103.330,5.0810,0.2025,1.0293
1790344103.644,5.0809,0.2120,1.0774
1790344103.826,5.0811,0.1993,1.0131
1790344104.140,5.0813,0.2393,1.2162
1790344104.319,5.0809,0.2199,1.1177
1790344104.634,5.0806,0.2341,1.1895
1790344104.860,5.0802,0.2184,1.1096
1790344105.129,5.0795,0.2260,1.1480
1790344105.356,5.0795,0.2240,1.1379
1790344105.625,5.0794,0.2229,1.1324
1790344105.849,5.0793,0.2078,1.0555
1790344106.119,5.0795,0.2224,1.1301
1790344106.344,5.0796,0.1802,0.9156
1790344106.659,5.0804,0.1484,0.7543
1790344106.839,5.0810,0.2204,1.1203
1790344107.155,5.0809,0.2214,1.1253
1790344107.335,5.0811,0.1676,0.8516
1790344107.649,5.0807,0.2081,1.0572
1790344107.829,5.0799,0.2188,1.1119
1790344108.146,5.0800,0.2205,1.1203
1790344108.324,5.0801,0.2191,1.1130
1790344108.639,5.0799,0.2233,1.1347
1790344108.821,5.0799,0.2225,1.1306
1790344109.136,5.0799,0.2108,1.0708
1790344109.359,5.0798,0.2430,1.2348
1790344109.629,5.0796,0.2240,1.1378
1790344109.854,5.0795,0.2249,1.1425
1790344110.124,5.0793,0.2152,1.0934
1790344110.349,5.0793,0.2266,1.1512
1790344110.620,5.0795,0.2261,1.1485
1790344110.844,5.0795,0.2423,1.2309
1790344111.161,5.0794,0.2388,1.2132
1790344111.340,5.0798,0.1730,0.8791
1790344111.654,5.0807,0.2376,1.2072
1790344111.835,5.0808,0.2123,1.0787
1790344112.151,5.0811,0.2197,1.1165
1790344112.331,5.0810,0.2388,1.2136
1790344112.645,5.0800,0.2398,1.2184
1790344112.826,5.0797,0.2220,1.1281
1790344113.140,5.0795,0.2236,1.1360
1790344113.321,5.0791,0.2246,1.1408
1790344113.635,5.0790,0.2252,1.1437
1790344113.860,5.0792,0.2245,1.1404
1790344114.130,5.0792,0.2398,1.2183
1790344114.356,5.0793,0.2268,1.1524
1790344114.624,5.0795,0.2261,1.1486
1790344114.851,5.0795,0.2259,1.1474
1790344115.119,5.0794,0.2253,1.1448
1790344115.345,5.0795,0.2224,1.1297
1790344115.662,5.0797,0.2210,1.1226
1790344115.839,5.0797,0.2210,1.1228
1790344116.156,5.0800,0.2206,1.1206
1790344116.334,5.0800,0.2219,1.1277
1790344116.649,5.0797,0.2239,1.1375
1790344116.829,5.0796,0.2246,1.1410
1790344117.146,5.0795,0.2383,1.2108
1790344117.325,5.0793,0.2393,1.2157
1790344117.640,5.0791,0.2277,1.1565
1790344117.820,5.0795,0.1733,0.8803
1790344118.137,5.0804,0.2123,1.0788
1790344118.360,5.0807,0.2212,1.1240
1790344118.630,5.0812,0.2063,1.0484
1790344118.855,5.0811,0.2286,1.1619
1790344119.124,5.0802,0.2193,1.1144
1790344119.350,5.0801,0.2301,1.1693
1790344119.620,5.0800,0.2217,1.1266
1790344119.845,5.0799,0.2235,1.1355
1790344120.160,5.0798,0.2251,1.1436
1790344120.340,5.0799,0.2247,1.1418
1790344120.655,5.0797,0.2363,1.2007
1790344120.835,5.0797,0.2388,1.2133
1790344121.151,5.0799,0.1738,0.8829
1790344121.331,5.0806,0.2137,1.0859
1790344121.644,5.0808,0.2259,1.1480
1790344121.825,5.0811,0.2199,1.1177
1790344122.140,5.0807,0.2314,1.1757
1790344122.320,5.0800,0.2228,1.1319
1790344122.635,5.0802,0.1730,0.8791
1790344122.860,5.0807,0.1723,0.8755
1790344123.131,5.0818,0.1663,0.8454
1790344123.355,5.0826,0.1551,0.7887
1790344123.625,5.0834,0.1701,0.8651
1790344123.851,5.0836,0.1551,0.7888
1790344124.120,5.0844,0.1603,0.8150
1790344124.345,5.0851,0.1293,0.6578
1790344124.660,5.0854,0.1889,0.9608
1790344124.841,5.0854,0.1869,0.9508
1790344125.155,5.0849,0.1839,0.9355
1790344125.336,5.0839,0.1859,0.9454
1790344125.650,5.0829,0.2212,1.1245
1790344125.830,5.0822,0.2132,1.0839
1790344126.145,5.0811,0.2252,1.1443
1790344126.325,5.0806,0.2121,1.0776
1790344126.640,5.0799,0.2200,1.1176
1790344126.820,5.0798,0.2194,1.1148
1790344127.135,5.0800,0.2185,1.1101
1790344127.360,5.0801,0.2174,1.1047
1790344127.630,5.0802,0.1887,0.9586
1790344127.855,5.0807,0.1944,0.9878
1790344128.125,5.0814,0.1882,0.9563
1790344128.351,5.0818,0.2147,1.0914
1790344128.620,5.0826,0.1885,0.9581
1790344128.845,5.0828,0.1871,0.9511
1790344129.160,5.0828,0.1880,0.9560
1790344129.341,5.0827,0.1878,0.9548
1790344129.655,5.0826,0.1879,0.9552
1790344129.835,5.0825,0.1882,0.9567
1790344130.150,5.0826,0.1437,0.7306
1790344130.330,5.0829,0.1432,0.7282
1790344130.645,5.0840,0.1432,0.7283
1790344130.825,5.0844,0.1420,0.7220
1790344131.141,5.0850,0.1909,0.9709
1790344131.321,5.0850,0.1904,0.9683
1790344131.635,5.0838,0.1902,0.9669
1790344131.861,5.0833,0.1785,0.9075
1790344132.131,5.0828,0.1432,0.7282
1790344132.356,5.0831,0.1405,0.7143
1790344132.625,5.0842,0.1539,0.7826
1790344132.850,5.0849,0.1587,0.8071
1790344133.120,5.0860,0.1413,0.7188
1790344133.346,5.0863,0.1352,0.6878
1790344133.661,5.0866,0.1311,0.6669
1790344133.840,5.0867,0.1301,0.6620
1790344134.155,5.0868,0.1311,0.6672
1790344134.335,5.0868,0.1311,0.6669
1790344134.650,5.0867,0.1725,0.8778
1790344134.830,5.0858,0.1715,0.8725
1790344135.145,5.0845,0.1822,0.9266
1790344135.325,5.0836,0.1664,0.8462
1790344135.641,5.0831,0.1549,0.7875
1790344135.820,5.0836,0.1685,0.8569
1790344136.136,5.0844,0.1642,0.8353
1790344136.360,5.0849,0.1820,0.9254
1790344136.630,5.0725,0.2195,1.1134
1790344136.855,5.0844,0.1656,0.8422
1790344137.125,5.0835,0.2190,1.1133
1790344137.351,5.0824,0.2267,1.1521
1790344137.621,5.0812,0.2199,1.1178
1790344137.845,5.0809,0.2091,1.0624
1790344138.160,5.0801,0.2200,1.1176
1790344138.341,5.0802,0.2200,1.1176
1790344138.656,5.0803,0.1894,0.9624
1790344138.835,5.0806,0.2361,1.1996
1790344139.151,5.0807,0.2152,1.0938
1790344139.331,5.0806,0.2151,1.0932
1790344139.645,5.0806,0.2151,1.0932
1790344139.825,5.0802,0.2183,1.1092
1790344140.140,5.0802,0.2184,1.1098
1790344140.320,5.0804,0.2180,1.1076
1790344140.635,5.0804,0.2172,1.1038
1790344140.860,5.0805,0.2171,1.1033
1790344141.131,5.0810,0.2103,1.0689
1790344141.356,5.0813,0.1852,0.9412
1790344141.625,5.0818,0.2155,1.0952
1790344141.851,5.0818,0.2155,1.0952
1790344142.120,5.0813,0.2076,1.0553
1790344142.345,5.0808,0.2139,1.0867
1790344142.660,5.0803,0.2180,1.1078
1790344142.840,5.0801,0.2177,1.1059
1790344143.155,5.0797,0.2171,1.1028
1790344143.335,5.0797,0.2177,1.1061
1790344143.651,5.0797,0.1857,0.9434
1790344143.830,5.0802,0.2227,1.1314
1790344144.145,5.0805,0.2090,1.0620
1790344144.325,5.0807,0.2219,1.1278
1790344144.640,5.0807,0.2095,1.0648
1790344144.820,5.0803,0.2153,1.0938
1790344145.137,5.0801,0.2171,1.1033
1790344145.360,5.0799,0.2175,1.1050
1790344145.630,5.0800,0.2184,1.1096
1790344145.855,5.0800,0.2183,1.1089
1790344146.125,5.0797,0.2189,1.1123
1790344146.350,5.0796,0.2187,1.1113
1790344146.620,5.0797,0.2182,1.1084
1790344146.846,5.0796,0.2179,1.1070
1790344147.160,5.0800,0.2170,1.1026
1790344147.340,5.0800,0.2170,1.1028
1790344147.656,5.0801,0.2172,1.1036
1790344147.835,5.0801,0.2176,1.1057
1790344148.150,5.0804,0.1882,0.9561
1790344148.330,5.0809,0.1440,0.7317
1790344148.645,5.0827,0.1405,0.7142
1790344148.825,5.0838,0.1246,0.6336
1790344149.141,5.0856,0.1517,0.7716
1790344149.321,5.0863,0.1246,0.6339
1790344149.636,5.0867,0.1551,0.7893
1790344149.861,5.0871,0.1339,0.6814
1790344150.130,5.0871,0.1323,0.6731
1790344150.356,5.0874,0.1306,0.6645
1790344150.625,5.0872,0.1780,0.9056
1790344150.850,5.0865,0.1381,0.7025
1790344151.120,5.0863,0.1436,0.7308
1790344151.346,5.0859,0.1355,0.6894
1790344151.660,5.0858,0.1243,0.6326
1790344151.840,5.0864,0.1243,0.6327
1790344152.155,5.0867,0.1246,0.6340
1790344152.335,5.0869,0.1519,0.7730
1790344152.650,5.0871,0.1318,0.6706
1790344152.875,5.0870,0.1317,0.6700
1790344153.146,5.0869,0.1320,0.6716
1790344153.325,5.0867,0.1325,0.6740
1790344153.640,5.0863,0.1740,0.8853
1790344153.820,5.0861,0.2155,1.0961
1790344154.135,5.0858,0.1430,0.7275
1790344154.360,5.0856,0.1462,0.7436
1790344154.630,5.0854,0.1246,0.6338
1790344154.855,5.0857,0.1251,0.6364
1790344155.125,5.0861,0.1402,0.7132
1790344155.351,5.0861,0.1246,0.6339
1790344155.620,5.0863,0.1241,0.6314
1790344155.845,5.0863,0.1367,0.6954
1790344156.160,5.0864,0.1713,0.8714
1790344156.340,5.0858,0.1961,0.9975
1790344156.655,5.0846,0.1425,0.7246
1790344156.835,5.0844,0.1643,0.8355
1790344157.151,5.0836,0.1889,0.9605
1790344157.330,5.0840,0.1430,0.7271
1790344157.645,5.0849,0.1360,0.6919
1790344157.825,5.0851,0.1243,0.6325
1790344158.140,5.0851,0.2125,1.0808
1790344158.320,5.0840,0.2264,1.1512
1790344158.636,5.0822,0.2271,1.1546
1790344158.860,5.0809,0.2284,1.1606
1790344159.130,5.0794,0.2247,1.1414
1790344159.355,5.0795,0.2356,1.1968
1790344159.625,5.0796,0.2363,1.2007
1790344159.850,5.0797,0.2274,1.1553
1790344160.120,5.0801,0.1735,0.8817
1790344160.346,5.0806,0.2165,1.1002
1790344160.660,5.0807,0.2132,1.0836
1790344160.840,5.0809,0.2102,1.0682
1790344161.155,5.0806,0.2128,1.0813
1790344161.335,5.0802,0.2185,1.1103
1790344161.650,5.0804,0.2187,1.1113
1790344161.830,5.0804,0.2193,1.1142
1790344162.145,5.0803,0.2212,1.1240
1790344162.325,5.0800,0.2222,1.1288
1790344162.640,5.0805,0.1906,0.9688
1790344162.820,5.0808,0.1877,0.9537
1790344163.135,5.0814,0.1795,0.9122
1790344163.360,5.0815,0.2118,1.0762
